,x2,x3,x4,x5,x6,x7,x8,x9,x10,deseada,x1_bin
0,0.0,2.215558257141162,176.46,4.49,1058.6,780.09,28.0,-1.867265192591748,0.9000231233980112,21.53923024,0.0
1,98.06,1.406880670049125,,6.65,1066.0,785.52,,0.6339190223180112,0.8627970775432285,17.83674412,1.0
2,0.0,0.0,192.0,,931.2,842.6,7.0,-0.2030453860429927,0.4615574744197899,23.404952296,2.0
3,26.0,2.093421685162235,210.0,3.93,882.0,699.0,28.0,-1.382799730964336,0.3382675059944984,55.55108132,3.0
4,124.1,0.0,185.7,0.0,1083.4,,28.0,-0.510016398854747,0.6034876665964548,17.596806472,0.0
5,,,221.4,10.5,819.2,778.4,28.0,-1.280304398670894,0.6341040313763313,31.420110796,
6,0.0,1.985381560231997,187.42,,956.86,861.17,3.0,0.4049817109609555,0.4043187681042921,13.81709904,1.0
7,187.0,0.0,191.3,6.6,824.3,756.9,,,0.07100766453325547,65.909079268,3.0
8,137.0,0.0,145.0,5.9,1130.0,,28.0,-0.5993926454440222,0.2391801042159256,81.75116932,2.0
9,262.2,0.0,175.5,8.6,1046.9,611.8,3.0,1.538036566465969,,28.79941252,2.0
10,262.2,0.0,175.5,8.6,,611.8,7.0,-0.3921081531321576,,42.79577532,2.0
11,0.0,0.0,228.0,0.0,,594.0,270.0,-1.0577109289559,0.1809769527094898,42.131120456,3.0
12,0.0,2.005995123054691,159.35,10.37,1003.8,903.79,3.0,0.7746340534293368,0.0794193689889866,13.33446584,1.0
13,0.0,,,5.69,1057.6,779.32,3.0,-1.377669367957091,,12.47262084,1.0
14,54.64,2.096144981294345,140.75,11.91,1075.7,792.67,3.0,-0.827230943552323,,27.42046052,1.0
15,0.0,0.0,197.0,0.0,968.0,781.0,28.0,-0.9221653241776254,0.07705827913433116,32.03994972,2.0
16,128.0,,182.0,,824.0,879.0,28.0,-0.1145398452526179,0.4497846488213225,39.39665864,0.0
17,,0.0,153.5,16.5,852.1,887.1,3.0,-0.2990073504658675,0.9366056922949615,33.39821744,3.0
18,282.8,0.0,183.8,10.3,942.7,659.9,3.0,-0.8084936028931876,,28.29609504,2.0
19,0.0,1.998912904358786,158.11,12.8,987.76,889.01,,-0.1301430543676846,0.3055243106580235,15.36152528,1.0
20,94.7,0.0,147.4,11.4,946.8,852.1,3.0,1.477894044741516,0.3161561049767505,41.09966436,3.0
21,0.0,,211.5,9.9,878.2,727.6,,-0.6919080698812444,0.2768143077913058,23.835874796,
22,133.0,0.0,192.0,0.0,965.4,806.2,,1.754794181984365,0.7228143032084837,43.25082948,
23,0.0,0.0,192.0,0.0,936.2,712.2,7.0,1.006292809214441,0.5903476904587729,34.569637164,3.0
24,0.0,,192.0,0.0,889.8,945.0,7.0,1.4415686206579,0.8733229158608077,10.222171176,1.0
25,0.0,0.0,185.0,0.0,1040.0,734.0,28.0,1.453384477117701,0.8414475530847599,39.0932892,3.0
26,0.0,,191.84,5.33,948.9,857.2,14.0,1.058424486849588,0.7373570773877997,24.65566176,1.0
27,0.0,1.985156921277057,171.54,,955.14,859.2,3.0,-0.2021926524338941,0.8260676302525284,22.94576128,2.0
28,114.0,0.0,,0.0,932.0,670.0,90.0,-0.2341369569491805,0.727169069766308,47.029847436,
29,,0.0,192.0,,1047.0,806.0,,-0.07016571145864703,0.6346712732539415,18.12632404,2.0
30,,0.0,155.7,,852.1,880.4,7.0,-0.1612857116660091,0.6726021182251263,33.39821744,2.0
31,93.8,0.0,126.6,23.4,852.1,992.6,7.0,0.2610552721798893,0.02997358987267795,45.69846928,3.0
32,42.22,2.097777734539283,158.33,,1080.8,796.15,28.0,0.8995998754332507,0.9271778194794527,31.11605188,0.0
33,129.8,2.077731179652392,179.94,3.57,1007.3,746.8,3.0,0.1202956317118989,0.01919227682305669,20.72564856,
34,0.02,2.160078181020871,163.81,0.0,1005.6,900.9,56.0,0.6696725488300385,0.6372014768082804,36.56291228,0.0
35,0.0,2.15836249209525,193.0,9.0,1047.0,697.0,28.0,1.278451862607299,0.03467026672648332,12.45883132,0.0
36,0.0,2.076531219253812,188.45,6.35,1028.4,757.73,28.0,0.6621306745210467,0.7306505102392461,32.66047812,1.0
37,0.0,2.099611590392529,159.0,7.84,1085.4,799.54,28.0,1.632411303931635,0.06942384274609337,38.50033984,1.0
38,0.0,0.0,186.0,0.0,1090.0,769.0,28.0,1.01437006501813,0.4512393441809881,25.17966352,2.0
39,0.0,2.139879086401236,158.0,16.0,1002.0,830.0,28.0,0.5839281853259639,0.01240403627731479,17.95395504,0.0
40,0.0,,192.0,0.0,940.6,,3.0,-0.6518361078021592,0.505852692951829,19.199148696,3.0
41,,2.160078181020871,163.81,0.0,1005.6,900.9,28.0,-0.2694068344445578,0.4594467684059866,26.200088,0.0
42,0.0,2.262451089730429,181.0,15.0,839.0,884.0,28.0,0.219150327663939,0.1149329970595668,15.52010476,0.0
43,133.0,0.0,192.0,0.0,965.4,806.2,3.0,,0.7513750860290457,11.41427518,1.0
44,106.3,0.0,153.5,16.5,852.1,887.1,28.0,1.142822814515021,0.6895267510315611,60.2946762,3.0
45,0.0,0.0,151.0,,1033.0,655.0,28.0,0.6228499323474987,0.01103126442864721,69.83702404,3.0
46,0.0,1.985381560231997,187.42,5.53,956.86,861.17,14.0,-1.260883954335045,0.4281996149256148,24.91766264,1.0
47,0.0,0.0,214.6,0.0,1003.5,762.36,56.0,0.1833420057383517,0.9948663171697671,36.3009114,3.0
48,0.0,0.0,191.0,0.0,968.0,856.0,,0.1292211819752275,0.7356631142391898,32.32952964,1.0
49,0.0,0.0,228.0,0.0,932.0,594.0,28.0,0.5425600435859647,,39.28978986,3.0
50,97.82,1.405858399317637,160.7,,1061.7,782.46,56.0,-0.2886586389201383,,66.82401392,2.0
51,0.0,2.006551609086648,165.62,7.48,1006.4,905.9,,-0.883857436201133,0.4135491015253515,25.72434956,
52,0.0,,184.0,0.0,1063.0,783.0,7.0,1.529550319460614,,17.54026944,2.0
53,212.5,0.0,155.7,14.3,852.1,880.4,3.0,0.3571125715117464,0.9338750175279049,25.2003478,2.0
54,19.0,2.152288344383057,154.0,10.91,942.0,801.0,,-1.627542437883163,0.9846697395245082,23.639177145812,2.0
55,,2.173186268412274,179.0,19.0,838.0,,28.0,-1.344450511034277,0.676177562075434,33.75674496,0.0
56,0.0,2.222716471147583,180.0,10.0,961.0,805.0,28.0,0.04643654815614881,0.9954375161913099,13.29309728,0.0
57,0.0,2.076130494543006,195.23,6.13,1028.1,757.63,3.0,0.852433334796224,,13.35515012,1.0
58,0.0,1.998912904358786,158.11,12.8,987.76,,100.0,2.09238727568546,0.5156794276964978,51.0556978,1.0
59,0.0,2.076676845705643,195.47,4.63,1029.4,758.59,28.0,,0.6331513755940223,24.48329276,1.0
60,187.0,0.0,191.0,7.0,824.0,757.0,28.0,0.2891686439078181,0.653162790531283,65.90701084,3.0
61,,0.0,192.0,0.0,913.2,895.3,28.0,0.3711458733713088,0.009331619827093296,25.573354316,2.0
62,19.0,1.991226075692495,145.0,13.13,967.0,871.0,28.0,-0.1903386780836082,0.6564786073315027,44.02993736,2.0
63,42.08,2.217036258627627,121.75,5.72,1058.7,780.11,56.0,-1.077744777929306,0.4237382536487628,32.8535314,0.0
64,0.0,2.269512944217916,167.0,16.0,,678.0,28.0,0.5072740311072977,0.2999191115069847,13.45857152,0.0
65,0.0,0.0,192.0,0.0,970.0,850.0,360.0,1.031844539468635,0.7120140203307808,38.11423328,2.0
66,0.0,0.0,146.0,0.0,896.0,896.0,28.0,-0.4201868170958573,0.6341421382957368,74.98740976,3.0
67,189.0,0.0,164.9,,944.7,755.8,91.0,1.453534077157317,0.00756287497814212,79.29663476,2.0
68,0.0,2.262688344301696,181.4,15.0,838.9,884.3,,-0.4461834332147797,0.4935465803401187,15.526310044,0.0
69,128.5,2.124178055474675,175.06,8.08,1005.8,746.6,28.0,0.7175422557959623,0.7850165438370569,46.38794528,0.0
70,0.0,2.052693941924968,184.4,7.9,992.0,815.9,28.0,-0.09917586377938291,,12.180972492,0.0
71,11.0,,206.0,1.72,942.0,801.0,3.0,0.5009171876243808,0.9189265336395545,9.84965714581204,1.0
72,0.0,2.243633244506138,154.61,11.66,1052.3,775.48,14.0,0.3109075655980046,0.6062529377509774,33.70158688,1.0
73,11.0,2.152288344383057,206.0,1.72,942.0,801.0,56.0,0.09933230542922587,0.7550419287462783,23.245190854188,1.0
74,95.0,0.0,228.0,0.0,932.0,594.0,28.0,0.7674347291529088,0.4254933344480754,36.447769788,3.0
75,189.0,0.0,164.9,11.6,944.7,755.8,,-0.7143514180263678,0.07319592376844364,77.29715436,2.0
76,145.0,2.056904851336473,178.5,8.0,1001.9,688.7,28.0,1.846636996047666,0.4724933550065136,25.559564796,
77,,,169.9,10.1,925.3,782.9,28.0,-0.4838858340543216,0.1205584164036902,38.461039708,2.0
78,0.0,2.10064620014548,143.3,11.99,1086.8,800.89,3.0,0.6283455092642799,0.9305952146439163,23.52492112,1.0
79,0.0,0.0,192.0,0.0,889.8,945.0,,0.5298041779152828,0.6888853020500907,21.859147104,
80,93.37,2.20655604409903,172.34,9.73,1007.2,746.6,28.0,-0.05554769889661878,0.4376031240553919,37.81086384,0.0
81,0.0,0.0,185.0,0.0,1111.0,784.0,28.0,-0.8946073022195039,0.3577982653254418,19.69143456,
82,237.0,0.0,174.0,12.0,1069.0,675.0,28.0,0.3686733088729012,0.07896916219082861,37.43165204,0.0
83,0.0,2.097361444565494,158.49,11.33,1078.7,794.91,,0.02451017425894271,0.6195879548978296,26.04840328,1.0
84,0.0,0.0,197.0,0.0,968.0,781.0,,0.4134349032237009,0.7848969771114676,38.89334116,2.0
85,136.3,2.030194785356751,178.1,7.5,941.5,774.3,28.0,-0.6526239793023909,0.8742225246851758,26.147687824,0.0
86,0.0,0.0,185.7,0.0,1111.6,,7.0,0.3336621052869483,0.5614845879595237,11.483912256,
87,230.0,0.0,202.0,3.0,827.0,872.0,28.0,-0.5176112990361714,0.7266709920703233,33.0603742,0.0
88,158.8,0.0,185.7,0.0,,,7.0,0.3376026620752022,0.8000709686991595,15.691094808,1.0
89,,,173.0,0.0,1125.0,613.0,28.0,1.05364179660784,,67.30664712,3.0
90,92.0,1.857332496431269,247.0,6.0,853.0,695.0,28.0,-0.7309300399419191,0.8049067768414386,28.62704352,1.0
91,0.0,,192.0,0.0,913.2,895.3,90.0,-0.06607979864731657,0.8177853298569451,32.068218236,2.0
92,,0.0,,12.0,1049.0,688.0,28.0,0.285865390724905,0.7399041207669304,39.45181672,0.0
93,42.08,,121.75,5.72,1058.7,780.11,100.0,-0.7153037092599682,0.6675498992914705,39.2311844,0.0
94,50.0,0.0,200.0,,1124.4,613.2,28.0,-0.898414671348358,0.8139702695060188,39.37597436,3.0
95,0.0,0.0,203.0,0.0,974.0,775.0,28.0,0.7003098794089914,0.6345824175503038,27.3377234,2.0
96,0.0,2.076676845705643,195.47,4.63,1029.4,758.59,56.0,0.9540017634932023,0.951403342206657,31.53663224,1.0
97,0.0,0.0,,28.2,852.1,,3.0,-1.987568914600893,0.1221099140100268,41.2996124,3.0
98,,0.0,141.8,28.2,852.1,893.7,,0.5219415656168976,0.3961726916092554,58.79851328,3.0
99,0.0,1.987576894726987,168.08,9.41,961.18,865.0,56.0,,0.5399571302805596,45.08483564,2.0
100,,2.112672017117132,175.46,7.79,1006.3,,56.0,-0.5138669173366935,0.6366696821672073,51.72448952,0.0
101,54.64,2.096144981294345,,11.91,,792.67,,1.532738913002578,0.549529535895017,55.50971276,1.0
102,,0.0,218.0,0.0,838.4,,28.0,-1.66152006226896,0.7259799099852955,23.84897484,
103,19.0,,154.0,10.91,942.0,801.0,56.0,-0.9043166251044086,0.1648148157294371,68.750606854188,2.0
104,0.0,0.0,228.0,0.0,932.0,670.0,180.0,-0.3011036955892888,0.3910815366517607,53.104130996,3.0
105,141.3,0.0,203.5,0.0,973.4,750.0,7.0,-0.3714408659957915,0.06265320345535452,15.0305768,1.0
106,200.9,0.0,144.7,11.2,1004.6,803.7,28.0,0.4735924306351816,0.7384492092513265,67.69964844,2.0
107,0.0,0.0,185.7,0.0,1118.8,789.3,,-2.211135309007885,0.3683095305068483,17.576122192,1.0
108,0.0,1.985156921277057,171.54,8.87,955.14,859.2,28.0,1.09877685198719,0.7087446977429764,39.94134468,2.0
109,0.0,0.0,183.0,0.0,1088.0,808.0,28.0,-1.012104375260167,0.2730708099728124,24.49708228,
110,135.7,0.0,185.7,,1076.2,759.3,7.0,-1.008086310917404,,11.957582268,1.0
111,0.0,0.0,189.0,0.0,1125.0,613.0,270.0,-0.5172884501003722,0.4503509789054126,67.11359384,3.0
112,0.0,0.0,162.0,2.5,1040.0,676.0,28.0,0.4967141530112327,0.07219840897917584,79.98611076,3.0
113,24.0,1.903089986991944,162.0,11.64,967.0,712.0,3.0,0.3112501545435361,0.9678600348450305,23.34565736,3.0
114,0.0,2.004063300397667,146.14,12.35,1006.0,899.76,28.0,0.6819529712949639,0.08764274676383854,33.94290348,1.0
115,0.0,,,0.0,1119.0,789.0,28.0,0.9826909839455139,0.8705784250460069,17.54026944,1.0
116,147.2,0.0,185.7,0.0,1055.0,744.3,7.0,,0.3056042154902149,13.089012384,
117,0.0,,142.0,,1098.0,641.0,28.0,-0.8397218421807761,0.9836789252634136,57.226508,
118,115.0,1.954242509439325,,9.0,860.0,829.0,28.0,-1.004140766752068,0.6863271966860974,19.98790924,0.0
119,172.6,0.0,181.9,3.4,985.8,816.8,28.0,0.8406435489887241,0.5074119387178089,23.744174488,0.0
120,0.0,0.0,,3.4,985.8,816.8,28.0,1.329152530132431,0.3388606493387516,44.868340176,2.0
121,,0.0,153.5,16.5,852.1,887.1,91.0,,,65.19685056,3.0
122,0.0,0.0,141.8,28.2,852.1,893.7,28.0,,0.657845304603036,56.3991368,3.0
123,288.0,0.0,192.0,0.0,929.8,716.1,3.0,-0.2549772174208553,0.271949726128631,12.788400848,0.0
124,139.4,2.03981055414835,192.7,6.1,892.4,780.0,28.0,0.1200313267182613,0.04373907230894736,23.696600644,0.0
125,143.0,2.049218022670181,168.0,22.0,914.0,651.0,,-0.03468488738678118,0.1748814371759594,33.68779736,2.0
126,230.5,0.0,202.5,3.4,827.0,871.8,28.0,-0.5640786307367284,,32.720462532,0.0
127,189.0,0.0,,22.0,944.7,755.8,3.0,0.09707754934804039,0.6391199378155004,40.59634688,3.0
128,183.9,2.15896526038341,193.8,9.2,879.6,698.5,28.0,,,28.991086848,0.0
129,189.0,0.0,145.9,22.0,944.7,755.8,91.0,-0.8571575564162826,0.9270345447963066,82.5992248,3.0
130,54.64,2.096144981294345,140.75,11.91,1075.7,792.67,100.0,0.4017117220989415,,63.52831864,1.0
131,0.0,2.076531219253812,188.45,5.75,1028.4,757.73,3.0,-0.9815086510479509,0.5329577865513353,17.22311048,1.0
132,170.2,2.125806458139527,191.6,8.5,814.1,805.3,28.0,,0.5126677259564164,29.870858224,0.0
133,0.0,0.0,,0.0,1120.0,800.0,28.0,,0.8056701529500532,71.98818916,
134,45.21,2.089799173036164,170.21,8.19,1059.4,780.65,28.0,-0.4930009346588328,,31.2677366,0.0
135,151.2,0.0,153.9,15.9,1134.3,605.0,28.0,0.06856297480602733,0.7823854840582735,52.20022796,3.0
136,0.0,1.987576894726987,168.08,9.41,961.18,865.0,14.0,-0.8289950109220723,0.9924835021583752,34.67374804,2.0
137,0.0,0.0,194.0,0.0,,885.0,3.0,1.876795812558066,0.7076809347409158,6.46728488,1.0
138,,1.998912904358786,146.25,14.17,987.76,889.01,,1.158110873500068,0.9921580148233127,50.60064364,1.0
139,,0.0,181.1,8.9,852.1,781.5,56.0,0.2598827942484235,0.5444890979608495,72.29845336,
140,0.0,0.0,,3.0,986.0,817.0,28.0,1.206508966508357,0.8923024981396522,44.86420332,2.0
141,0.0,2.03342375548695,209.7,11.1,879.6,744.2,28.0,-0.573700003938579,0.1421371237934577,31.875164956,2.0
142,102.0,0.0,192.0,,888.0,943.1,3.0,-2.650969808393012,0.44973984245054,4.782205536,0.0
143,177.0,0.0,186.0,11.1,884.9,707.9,28.0,,,65.99664272,3.0
144,75.4,2.225309281725863,164.03,7.91,1007.3,770.1,56.0,0.9551423205012383,0.5184080219452041,53.46196904,0.0
145,,,153.5,16.5,852.1,887.1,91.0,0.9633761292443218,0.02564206580643569,65.19685056,3.0
146,47.5,0.0,228.0,0.0,,594.0,28.0,-0.600638689918805,0.7158249646820886,37.427515184,3.0
147,158.8,0.0,185.7,,1040.6,734.3,28.0,-0.8498443694647918,0.09299063982313216,26.91369566,1.0
148,0.0,,197.89,4.567,947.04,852.16,,-1.245738778711988,0.6103337833109184,34.55653712,1.0
149,0.0,2.243633244506138,159.21,11.66,1043.6,771.9,14.0,-1.758739486423114,0.4760181293687665,29.59230992,1.0
150,116.0,0.0,192.0,0.0,946.8,856.8,7.0,0.1064302276918968,0.2495461998495061,11.392211948,
151,105.1,1.91803033678488,209.7,9.0,904.0,679.7,28.0,1.503398301767151,0.8237903842212947,37.171030112,1.0
152,106.3,0.0,153.5,16.5,852.1,887.1,91.0,-0.7537361643574896,0.5336025467268785,65.19685056,3.0
153,19.0,2.152288344383057,154.0,10.91,942.0,801.0,3.0,-1.804882100664519,0.5450269188969383,25.1166257152707,2.0
154,262.2,0.0,175.5,8.6,1046.9,611.8,56.0,0.2274599346041294,0.7978136488586345,64.90037588,2.0
155,,0.0,155.7,14.3,852.1,880.4,91.0,0.3411519748166439,,68.09954452,2.0
156,95.0,0.0,228.0,0.0,932.0,594.0,365.0,1.579212815507391,0.742706521199981,43.698299404,3.0
157,0.0,0.0,186.0,0.0,966.0,763.0,,,0.157954822835348,14.69962832,3.0
158,15.0,2.152288344383057,179.0,5.46,842.0,801.0,28.0,0.751387123371789,,43.73346268,2.0
159,192.0,0.0,192.0,0.0,932.0,717.8,28.0,0.9356783931474612,0.3473433262588427,38.804398756,2.0
160,106.3,,151.4,18.6,936.0,803.7,3.0,1.564643655814006,,36.3009114,
161,236.0,0.0,192.0,0.0,935.4,781.2,3.0,,0.484696287130047,9.694722036,0.0
162,122.6,0.0,203.5,0.0,959.2,800.0,90.0,-0.7778166875908753,0.1392453711175952,32.53292506,0.0
163,98.06,1.406880670049125,181.74,6.65,1066.0,785.52,100.0,,0.0236385860463364,49.97322048,1.0
164,117.2,0.0,137.8,32.2,852.1,840.5,,0.7818228717773104,0.005758660498121571,69.29923276,3.0
165,0.0,0.0,203.0,0.0,974.0,800.0,180.0,-0.3628385604396591,0.6209285674784312,29.58541516,
166,98.06,1.406880670049125,181.74,6.65,1066.0,785.52,3.0,2.143944089325326,0.7368737449441821,13.18278112,1.0
167,0.0,2.215558257141162,176.46,4.49,1058.6,780.09,14.0,2.314658566673509,0.8398613028667203,25.48303296,0.0
168,0.0,2.100990523069965,161.85,,1088.1,802.59,3.0,-0.3152692446403456,0.8191888594267902,9.4458212,0.0
169,162.4,,203.5,0.0,938.2,849.0,3.0,0.7109599682034915,0.7308209649807298,2.331807832,0.0
170,,0.0,164.9,11.6,944.7,755.8,,-1.062303713726105,0.5670162609866678,71.29871316,
171,186.7,0.0,175.6,11.3,989.6,788.9,28.0,0.6135179727304166,,32.768036376,0.0
172,0.0,2.076531219253812,192.94,5.75,,754.3,56.0,-1.035242322419374,0.08479201604580322,39.2656582,1.0
173,288.0,0.0,192.0,,929.8,,90.0,-1.222127808891945,0.9368224620330918,50.732333556,0.0
174,129.9,2.112672017117132,175.46,7.79,1006.3,746.6,14.0,-0.2489641484790735,0.4543773345599609,31.81242264,0.0
175,0.0,1.989761187718778,189.29,4.46,967.08,870.32,14.0,0.714000494092092,0.1014208284492165,24.44881896,1.0
176,47.5,,228.0,0.0,932.0,594.0,365.0,0.1713682811899705,0.5929508514349274,43.698299404,3.0
177,0.0,0.0,186.0,0.0,1038.0,758.0,28.0,-1.289960899741054,0.2592967588657737,38.21075992,3.0
178,,0.0,153.9,15.9,1134.3,605.0,7.0,0.2575503907227644,0.6926259522261645,47.09810556,3.0
179,0.0,0.0,,0.0,968.0,856.0,360.0,0.1093947946048929,0.9983475113929496,33.70158688,1.0
180,0.0,0.0,228.0,,932.0,594.0,365.0,-0.8392175232226385,0.3370031764312863,41.934619796,3.0
181,13.61,,156.76,4.14,,856.4,56.0,-1.059213521888952,0.6139335847600618,35.852752,0.0
182,0.0,0.0,186.0,0.0,1047.0,739.0,28.0,0.9725544496267299,0.20201566840249,37.42475728,3.0
183,0.0,,185.7,0.0,,754.3,,-0.8560838259088672,0.4809728898861237,31.899986092,2.0
184,101.0,1.897627091290441,171.0,10.0,,763.0,28.0,0.6487098875896427,0.8522638743911815,49.77327244,1.0
185,129.9,2.112672017117132,,7.79,1006.3,746.6,,0.07409478041977519,,41.20308576,0.0
186,,0.0,,0.0,932.0,670.0,365.0,-0.5443827245251827,0.6229665835634828,52.516697444,3.0
187,0.0,0.0,192.0,0.0,970.0,850.0,7.0,-0.186871644161359,,14.98920824,2.0
188,,1.977723605288848,157.0,14.32,938.0,,56.0,,0.5824226582072465,56.33708396,3.0
189,0.0,0.0,192.0,0.0,936.0,721.0,3.0,1.579572145730712,0.4712871673981646,24.39366088,3.0
190,0.0,2.255031163345552,201.7,7.8,824.0,,28.0,0.4254575617849647,0.4110210752655458,10.535882756,0.0
191,153.0,2.290034611362518,192.0,,935.0,623.0,28.0,1.56552402923434,0.5916971623063255,24.5798194,
192,,0.0,194.9,8.1,811.0,802.3,,1.440117215449473,0.2934888232081216,56.619079644,2.0
193,0.0,2.087603973687808,159.48,9.9,1053.6,777.5,100.0,0.4129314542756243,0.08091928305125218,58.60546,1.0
194,190.0,0.0,228.0,0.0,,,180.0,-0.3850822804163165,0.4537895413836392,46.931941844,0.0
195,,0.0,165.0,11.25,1030.0,,28.0,-0.525755021680761,0.1213849394224289,78.80021204,3.0
196,0.0,0.0,,0.0,936.2,712.2,90.0,-0.5768918695231487,0.50836054691628,54.315540328,3.0
197,142.8,2.049992856920142,167.8,22.1,913.9,651.2,28.0,-2.041734868424291,0.05113538144210072,38.215586252,2.0
198,,0.0,192.0,0.0,,891.9,90.0,-0.5736620068802363,0.05705472115125432,31.023662096,0.0
199,236.8,0.0,,11.9,1069.3,674.8,28.0,0.7090037575885123,0.5720486433693008,37.43165204,0.0
200,0.0,2.099611590392529,159.0,7.84,1085.4,799.54,3.0,,0.226656402226988,19.51906556,1.0
201,,2.270212854896243,166.7,15.6,1074.5,678.0,28.0,-0.0821511783925688,0.2069925784384268,13.461329424,0.0
202,0.0,0.0,192.0,0.0,936.0,721.0,28.0,,0.7720124763099904,43.89204216,3.0
203,288.0,0.0,,0.0,929.8,716.1,7.0,-0.5449190868089497,0.4583006415286565,21.48062478,
204,0.0,2.076531219253812,,,1043.6,754.3,28.0,-1.304469500504853,0.4614774646247342,33.27411176,1.0
205,,0.0,190.0,0.0,1145.0,,28.0,-0.4691756521047048,0.4260833838903715,49.24927068,1.0
206,0.0,0.0,,0.0,,842.6,3.0,-1.129706854657618,0.5650219928590161,15.615941924,2.0
207,20.0,1.977723605288848,157.0,13.93,938.0,,56.0,0.5389100436846587,0.7480731794295321,47.96684532,3.0
208,,0.0,228.0,0.0,932.0,,90.0,-0.9080240755212109,0.9007018640112585,40.563252032,3.0
209,0.0,0.0,200.0,0.0,1125.0,613.0,,0.1867667644770783,0.5387017979527142,12.63809508,3.0
210,,2.152288344383057,179.0,5.46,842.0,801.0,56.0,-0.6626237589458467,,44.5204502847293,2.0
211,210.7,0.0,185.7,,977.0,689.3,7.0,1.037539944257899,0.5606600944161709,24.437787344,2.0
212,24.0,1.903089986991944,162.0,11.64,967.0,712.0,,1.119574911434577,0.7692231478381336,38.01770664,3.0
213,53.8,2.089516544224821,155.63,9.61,1014.3,780.58,56.0,0.01259240078179486,0.1056646842617439,53.95839176,1.0
214,189.0,0.0,164.9,11.6,944.7,755.8,3.0,-0.5182702182736474,0.5072348086883924,35.3011712,2.0
215,114.0,0.0,228.0,0.0,932.0,670.0,270.0,,0.7067772168854458,51.732763232,1.0
216,24.0,1.903089986991944,162.0,11.64,967.0,712.0,56.0,0.2034636358672231,0.1213864181594064,55.25460664,3.0
217,0.0,,,6.72,1056.4,,56.0,1.16316375215496,0.8800790875614583,42.69924868,1.0
218,,2.22533513181854,169.59,7.56,1055.6,777.8,,-1.952087799522502,0.9576252845053802,21.60128308,0.0
219,54.64,2.096144981294345,140.75,11.91,1075.7,792.67,14.0,,0.9631151115891738,35.9561734,1.0
220,97.82,1.405858399317637,160.7,11.19,1061.7,782.46,,-0.01901620790268883,0.3986630277723131,30.44726016,2.0
221,0.0,,191.0,0.0,968.0,856.0,14.0,,0.4340193661738753,21.26343984,1.0
222,0.0,2.076531219253812,188.45,5.75,1028.4,757.73,100.0,0.06980208499001891,0.9941393612211675,43.58177796,1.0
223,47.5,0.0,228.0,0.0,932.0,594.0,270.0,0.2419622715660341,0.8670314961224486,43.01296026,3.0
224,189.0,0.0,164.9,11.6,944.7,755.8,91.0,,0.06026739028956085,79.29663476,2.0
225,53.8,2.089516544224821,155.63,9.61,1014.3,780.58,100.0,0.09767609854883172,0.6408263146902062,56.63355864,1.0
226,,2.152288344383057,154.0,10.91,942.0,801.0,7.0,0.04808494666138199,0.9373880664971189,35.7542554305414,
227,0.0,0.0,186.0,0.0,1050.0,770.0,7.0,-1.503142953118106,0.8026433097957104,20.27748916,2.0
228,0.0,2.215558257141162,176.46,4.49,1058.6,780.09,100.0,-1.612715871189652,0.2368705589744821,33.5430074,0.0
229,0.0,0.0,197.0,0.0,968.0,781.0,7.0,0.3773004930448522,0.8250494101800621,20.96696516,
230,0.0,0.0,,0.0,,763.0,7.0,-0.7031764251258874,0.6958991181688025,23.22155168,3.0
231,102.0,0.0,192.0,0.0,888.0,943.1,90.0,-1.280429352496283,0.860139693349435,26.322814728,0.0
232,0.0,0.0,185.7,0.0,1091.4,769.3,28.0,0.0184183791895517,0.3269316163380791,25.216895224,2.0
233,20.0,,157.0,,938.0,845.0,28.0,-0.6465728842425266,0.6439042535411307,46.68441996,3.0
234,93.37,2.20655604409903,172.34,9.73,1007.2,746.6,100.0,,0.2965355812876552,50.93848688,0.0
235,174.0,2.269512944217916,228.0,7.0,845.0,612.0,28.0,-1.448013900416244,0.1042248028083477,24.3385028,0.0
236,0.0,0.0,184.0,0.0,1075.0,795.0,28.0,0.8231705839619146,,26.84819544,2.0
237,,0.0,153.9,15.9,1134.3,605.0,,0.01300189187790702,0.1957779856835461,56.49566344,3.0
238,173.0,0.0,192.0,0.0,909.8,891.9,28.0,-0.3095464393139903,0.9720053296315371,22.347985588,0.0
239,250.2,0.0,,0.0,975.6,692.6,28.0,0.05921843401448826,0.1353540822776855,33.947729812,0.0
240,0.0,0.0,191.0,0.0,968.0,856.0,3.0,,0.2206119527112113,11.36256448,1.0
241,0.0,2.006551609086648,,7.48,998.0,901.8,56.0,-0.1070303599545578,0.04167290060238427,43.38872468,0.0
242,,0.0,,0.0,913.2,895.3,7.0,-2.471644500127289,0.6362913539792481,14.596896396,2.0
243,17.6,2.201397124320451,189.0,15.3,967.0,633.0,28.0,1.831458765854354,0.6238958362916385,44.32641204,2.0
244,262.2,0.0,175.5,8.6,1046.9,611.8,91.0,-0.8206823183517105,0.479181877629731,66.59648684,2.0
245,0.0,1.978226181674526,186.66,7.0,949.91,847.01,100.0,1.765454240281097,0.6951445540475938,44.298833,1.0
246,236.0,0.0,192.0,0.0,935.4,781.2,28.0,-0.03275327021599839,0.261705683735906,33.664355176,0.0
247,162.0,2.103803720955957,172.0,,923.0,764.0,28.0,1.073631749859772,0.3169465877911193,29.06830816,0.0
248,142.8,0.0,167.9,10.0,914.3,804.0,28.0,0.6408428612670098,0.3838388830449795,45.304778484,2.0
249,0.0,,214.6,,1003.5,762.36,14.0,-0.7673475628880495,0.4598004237693202,25.62092816,3.0
250,75.4,2.225309281725863,164.03,7.91,1007.3,770.1,3.0,-1.534114170735622,,15.52010476,0.0
251,93.8,0.0,126.6,23.4,,992.6,3.0,-2.619745104089744,,28.99936056,3.0
252,134.0,0.0,,6.0,924.0,760.0,28.0,0.6078965097165392,0.8789789002822673,46.24315532,2.0
253,189.0,0.0,145.9,22.0,,755.8,7.0,2.463242112485286,0.6178472402012138,59.09498796,3.0
254,26.0,2.093421685162235,201.0,,822.0,699.0,,0.9261775475316414,0.9280836403260497,57.915984,3.0
255,193.5,0.0,185.7,,998.2,704.3,28.0,0.2482205863003361,0.3554930104413574,33.0431373,2.0
256,,0.0,,11.6,944.7,755.8,7.0,,0.8689049844787182,22.89749796,2.0
257,0.0,2.006551609086648,170.17,7.48,998.0,901.8,,0.1156746342928587,0.8015371118829896,12.17614616,0.0
258,177.0,0.0,186.0,11.1,,707.9,,0.5132674331133561,0.951811785423239,39.300132,3.0
259,100.6,1.899820502427096,170.6,,935.7,762.9,28.0,0.5697672802322039,0.2190688091018578,49.77327244,1.0
260,170.0,2.127104798364808,192.0,8.0,814.0,805.0,28.0,,0.2395101699095381,29.86810032,0.0
261,0.0,0.0,183.0,0.0,1088.0,808.0,7.0,-0.42688106994742,0.8316970436757735,14.2032056,1.0
262,153.0,0.0,192.0,0.0,887.0,942.0,7.0,1.752270443423623,0.4110956026007065,7.675936308,0.0
263,132.4,0.0,192.0,0.0,978.4,825.5,28.0,-0.4657297535702569,0.04010919141248248,28.021683592,1.0
264,,,162.0,8.26,801.0,802.0,28.0,-1.713134529090877,0.1307103767401995,41.36856,3.0
265,170.3,0.0,185.7,0.0,1026.6,724.3,7.0,-0.4325581878196209,0.7330712960296748,17.236210524,1.0
266,237.5,0.0,228.0,0.0,932.0,594.0,365.0,,0.1635238725850228,38.995383608,1.0
267,118.8,0.0,181.1,8.9,852.1,781.5,91.0,1.896792982653947,0.3988227808969005,74.19451236,3.0
268,0.0,2.243633244506138,159.21,11.66,,,3.0,1.551151975522523,0.9758737549100538,15.60973664,1.0
269,0.0,0.0,192.0,0.0,978.0,825.0,90.0,0.4591800792284367,0.6679199988036271,37.231704,2.0
270,93.37,2.20655604409903,172.34,9.73,1007.2,746.6,14.0,-0.9649234605801045,0.1500486646939843,29.55094136,0.0
271,175.0,0.0,171.0,2.0,1000.0,828.0,28.0,0.1866091231563581,0.5717723520483222,26.91714304,0.0
272,164.2,0.0,190.5,4.6,870.0,774.0,28.0,0.05963036992017413,0.7511780478084181,57.218234288,2.0
273,102.0,0.0,192.0,,888.0,943.1,7.0,-0.03763470242484836,0.1657745401632758,8.374375496,0.0
274,0.0,0.0,,0.0,1056.0,809.0,3.0,-0.978372777615032,0.3302150648714975,15.87173752,2.0
275,0.0,2.005909446494559,159.32,8.71,1007.8,903.59,56.0,-0.7076694656187807,0.5783869170064091,42.54756396,1.0
276,0.0,2.087603973687808,159.48,9.9,1053.6,777.5,14.0,-0.1470573815021387,,38.76923548,
277,0.0,0.0,228.0,0.0,932.0,670.0,90.0,-0.5622875292409727,0.7252576604151365,52.908319812,3.0
278,162.4,0.0,203.5,0.0,938.2,849.0,28.0,-0.02412508711000328,0.6569551562671395,20.593958644,0.0
279,0.0,,146.25,14.17,987.76,889.01,3.0,-1.006017381499702,0.9193919732144173,21.78054684,1.0
280,,0.0,192.0,0.0,1047.0,806.0,,-1.660960933515991,0.165954895295785,32.72253096,2.0
281,0.0,2.215558257141162,176.46,4.49,1058.6,780.09,56.0,0.6862601903745135,0.3534213793027181,28.62704352,0.0
282,189.0,0.0,,11.6,944.7,755.8,91.0,2.720169166589619,,79.29663476,2.0
283,117.2,0.0,137.8,32.2,852.1,840.5,7.0,-0.2345871333751469,0.7046807627366467,54.89607912,3.0
284,15.0,2.152288344383057,179.0,,842.0,801.0,7.0,0.543360192379935,0.7284906771616132,24.13166,2.0
285,209.4,0.0,192.0,0.0,1047.0,806.9,3.0,0.06752820468792384,0.912363345616691,8.06342182,0.0
286,97.82,,160.7,11.19,1061.7,782.46,28.0,-0.01851313599238993,0.3675344222915314,63.14221208,2.0
287,122.6,0.0,203.5,0.0,959.2,800.0,7.0,0.326133022242118,0.6085272726964666,10.787541496,0.0
288,,0.0,178.0,10.0,917.0,759.0,28.0,-0.1671180803168544,0.6678046832264065,52.44154456,2.0
289,0.0,2.073864922902999,174.8,9.52,1022.8,,14.0,-0.8222203955664315,0.1735245149865087,36.9903874,2.0
290,0.0,2.076531219253812,192.94,5.75,1043.6,754.3,,-2.039232177760101,0.3944762785700353,20.72564856,1.0
291,0.0,0.0,185.7,0.0,1069.2,754.3,,0.2356145581085659,0.4486106309545426,21.179323768,2.0
292,260.0,0.0,183.0,13.0,859.0,827.0,28.0,,0.9180765521991506,37.91428524,0.0
293,0.0,2.101747073946366,162.14,7.77,1090.0,804.01,100.0,1.053802052034903,0.1068769230947438,40.56876784,0.0
294,0.0,0.0,186.0,0.0,1119.0,789.0,7.0,0.2560297343138757,,12.05204048,1.0
295,189.2,0.0,170.1,10.1,926.1,756.7,7.0,-0.3276621465977682,,46.20178676,3.0
296,,0.0,185.7,0.0,977.0,689.3,28.0,2.270692857804396,,37.813621744,1.0
297,190.0,0.0,228.0,0.0,932.0,670.0,28.0,0.3616360250476341,,40.856968808,0.0
298,183.9,0.0,203.5,0.0,,800.1,90.0,,0.4368507026151796,33.192064116,0.0
299,0.0,2.22533513181854,169.59,7.56,1055.6,777.8,3.0,2.133033374656267,0.5622968158779098,13.62404576,0.0
300,140.0,0.0,214.0,6.0,895.0,722.0,28.0,1.550500492814077,0.2271795570235149,33.41890172,2.0
301,129.8,,179.94,3.57,1007.3,746.8,28.0,,0.8920846889402344,39.1622368,0.0
302,282.8,0.0,183.8,10.3,942.7,659.9,56.0,0.2322536971610036,0.3732517916293401,80.19984832,2.0
303,118.8,0.0,181.1,,852.1,781.5,3.0,0.8219025043752238,,37.79707432,3.0
304,0.0,0.0,203.0,0.0,974.0,775.0,90.0,0.1220098146453614,0.3959704726624549,31.35047372,2.0
305,128.5,2.124178055474675,,8.08,1005.8,746.6,56.0,0.3665982460968483,0.6593539222057827,53.72396992,0.0
306,0.0,1.989761187718778,,4.46,967.08,870.32,100.0,-0.846793718068405,0.2848729019619228,40.7135578,1.0
307,0.0,,173.96,6.72,1056.4,778.45,28.0,-1.435862151179439,,33.72916592,1.0
308,98.06,1.406880670049125,,6.65,1066.0,785.52,28.0,-2.025142586657607,0.2167398000907756,40.2309246,1.0
309,20.0,1.977723605288848,157.0,11.61,938.0,845.0,,-1.081548003614395,0.5303021332491583,46.68441996,3.0
310,,0.0,185.7,0.0,941.6,664.3,,-0.420984480820263,,39.435269296,1.0
311,,0.0,175.5,8.6,1046.9,611.8,28.0,,0.9309486955069778,59.79825348,2.0
312,188.0,2.167317334748176,,11.0,829.0,710.0,28.0,,0.6649849034759953,32.83974188,0.0
313,22.0,2.123851640967086,168.0,8.92,822.0,750.0,,,0.2859067892391601,32.1098822847293,3.0
314,290.2,0.0,185.7,0.0,998.2,704.3,7.0,-1.478586245779842,0.8861957804650745,17.200357772,0.0
315,0.0,0.0,146.0,0.0,896.0,896.0,,-0.5228600271532683,0.9791049380151545,50.51101176,3.0
316,106.3,0.0,153.5,16.5,852.1,,28.0,-0.9905363251306883,,60.2946762,3.0
317,189.2,0.0,170.1,10.1,926.1,756.7,28.0,-0.03471176970524331,0.03038705969683686,61.09446836,3.0
318,24.0,,162.0,11.64,967.0,712.0,,,0.7643726622217359,51.021224,3.0
319,0.0,,192.0,0.0,,830.0,28.0,0.743264094022715,0.5125026487703317,27.82725136,2.0
320,,0.0,192.0,0.0,978.4,825.5,3.0,-0.3092123758512146,0.8288833658826095,9.131420144,1.0
321,166.8,0.0,203.5,0.0,977.6,694.1,,-1.556629173523904,0.5233909113743664,9.731264264,1.0
322,145.0,2.056904851336473,178.5,8.0,867.2,824.0,28.0,-0.0455860163554978,0.9715326909010507,26.233182848,0.0
323,0.0,2.097361444565494,158.49,11.33,1078.7,794.91,3.0,-0.7730097838554665,0.2160381825095996,15.340841,1.0
324,0.0,2.099611590392529,159.0,7.84,,799.54,100.0,-0.4400444866969838,0.0676125635922149,47.8151606,1.0
325,,0.0,192.0,0.0,1047.0,806.9,3.0,-0.4606387709597875,,15.049192652,2.0
326,0.0,2.243633244506138,154.61,,1052.3,775.48,3.0,-0.2134471517118472,0.4870619188189359,17.36790044,
327,0.0,2.006551609086648,165.62,7.48,1006.4,905.9,14.0,,0.2726240007335338,24.98661024,0.0
328,0.0,0.0,141.8,28.2,852.1,893.7,7.0,-0.3427145165267695,0.9699120461072704,46.89815752,
329,116.0,,180.0,9.0,870.0,768.0,28.0,0.6585442726728304,0.2800373295504894,44.27814872,1.0
330,0.0,0.0,192.0,0.0,1012.0,830.0,3.0,-1.710168392656626,0.5454318694069055,11.85209244,
331,,0.0,186.0,0.0,966.0,763.0,28.0,1.77080063563551,,31.35047372,3.0
332,0.0,2.005995123054691,159.35,10.37,1003.8,903.79,,-1.02438764133429,0.3233715621155208,47.73931824,1.0
333,0.0,,170.17,7.48,998.0,901.8,28.0,-0.08912003951278841,0.9017619921354235,37.2661778,
334,183.9,0.0,203.5,0.0,958.2,800.1,3.0,0.6060099513456396,0.1147688718692175,3.31982694,0.0
335,0.0,1.992950960570447,160.6,11.83,,,3.0,-0.02090159396414813,0.5209579772720422,23.13881456,2.0
336,0.0,2.073864922902999,174.8,9.52,1022.8,,28.0,0.2436872114919123,0.6949510889024617,47.401475,2.0
337,0.0,0.0,193.0,,968.0,885.0,7.0,-0.9896048202585809,0.5718722712271865,9.99050724,1.0
338,188.0,2.168497483523033,203.2,,828.7,709.7,28.0,1.049552715319335,0.6786699566725648,35.314271244,0.0
339,106.3,0.0,153.5,16.5,852.1,887.1,56.0,0.2969846732331861,0.6954672066898622,64.30053176,3.0
340,97.1,0.0,157.9,12.1,852.1,925.7,,0.5868570938002703,0.1065930303079907,50.69717028,3.0
341,0.0,0.0,189.0,0.0,1125.0,613.0,14.0,0.889630795623437,0.2398741127559447,48.4012152,3.0
342,166.0,0.0,174.0,9.0,,790.0,28.0,-0.5707462937494763,0.56044063098044,61.23236356,2.0
343,142.5,0.0,228.0,0.0,932.0,594.0,180.0,0.324083969394795,0.9698210450785447,39.77931782,2.0
344,0.0,2.243633244506138,154.61,11.66,1052.3,,100.0,-0.1599385299634271,0.5025660764634424,59.30183076,1.0
345,0.0,2.157758886046864,193.3,9.1,1047.4,696.7,28.0,-0.6763923020592697,0.9317537194328164,12.459520796,0.0
346,106.3,0.0,,18.6,936.0,,56.0,-1.607483234561228,0.8178342161750216,64.90037588,3.0
347,0.0,2.076531219253812,192.94,5.75,,754.3,100.0,-0.275051697151644,0.1741093353340843,40.14818748,1.0
348,156.0,,189.0,5.85,981.0,760.0,28.0,1.237816311973462,0.1946225118207651,39.300132,1.0
349,153.0,0.0,192.0,0.0,887.0,942.0,90.0,-1.10652590874167,0.1589081676693536,25.460969728,
350,0.0,1.998912904358786,,12.8,987.76,889.01,14.0,0.09699596499271819,0.3969815170742834,28.6822016,1.0
351,0.0,0.0,228.0,,,594.0,180.0,-1.412303701335291,0.4217209268734554,42.620648416,
352,0.0,2.267171728403014,167.0,12.0,991.0,772.0,28.0,-1.122722021562299,0.3053106766967313,15.56836808,0.0
353,,0.0,175.8,12.6,846.8,892.7,28.0,-1.525525170924739,0.1400240975533177,32.96384756,0.0
354,0.0,2.004321373782643,196.0,10.0,959.0,705.0,,0.6748194921666038,,30.12320644,2.0
355,128.5,2.124178055474675,,8.08,,746.6,3.0,-0.1423794850212935,0.4813441516353236,19.41564416,0.0
356,,0.0,192.0,0.0,936.2,712.2,28.0,-0.3845555442298254,0.5422372054918483,43.942373908,3.0
357,145.0,0.0,178.0,8.0,867.0,824.0,28.0,,0.28152119841493,44.38846488,2.0
358,0.0,0.0,228.0,0.0,932.0,594.0,90.0,-1.328186048898431,0.4453052550026655,42.229026048,3.0
359,189.0,0.0,164.9,11.6,944.7,755.8,91.0,0.8271832490360238,0.01823258267636163,79.29663476,2.0
360,0.0,1.978226181674526,186.66,7.0,949.91,847.01,14.0,-0.3345012358409484,0.4967668588591694,25.68987576,1.0
361,0.0,2.056904851336473,178.5,8.0,1001.9,688.7,28.0,,,36.804918356,2.0
362,162.4,0.0,203.5,0.0,938.2,,7.0,-1.251113576385303,0.3495063720868188,7.723510152,0.0
363,,0.0,192.0,0.0,978.0,,7.0,1.080780725554622,0.4177609792750997,16.26473884,2.0
364,118.0,1.968482948553935,183.0,7.0,953.0,,,1.169295590445673,0.04814283597835345,23.51802636,0.0
365,151.2,,153.9,,1134.3,605.0,56.0,0.2930724732986812,0.2272696272631515,54.89607912,3.0
366,0.0,2.22533513181854,169.59,7.56,1055.6,777.8,56.0,0.5883172064845765,0.6900048908206657,35.57006684,
367,0.0,0.0,181.0,0.0,1113.0,,28.0,-1.692464629714819,0.3345112887419321,17.3403214,1.0
368,0.0,0.0,185.7,0.0,1104.6,784.3,,-0.3515134840413087,0.3679407513020845,22.489328168,3.0
369,0.0,0.0,,0.0,1111.0,,7.0,0.6218099622171964,0.1842248392380261,11.46598588,3.0
370,38.0,0.0,228.0,0.0,932.0,,365.0,,0.8734232380816606,56.141962252,2.0
371,212.5,0.0,155.7,14.3,852.1,880.4,28.0,-0.5662977296027719,0.04821203886055603,55.49592324,2.0
372,0.0,1.998912904358786,158.11,,987.76,889.01,56.0,-0.8182206832334725,0.6005943333606173,42.03045696,1.0
373,0.0,2.005909446494559,159.32,8.71,1007.8,,14.0,-0.4842340728662514,0.1041096493841663,26.31040416,1.0
374,,2.245265839457461,158.4,17.9,942.7,844.5,28.0,-0.2471773825205969,0.2576072203337219,15.42357812,
375,0.0,2.180125875164054,,11.7,1023.3,728.9,28.0,0.8951932200277323,0.941725711618925,18.033934256,0.0
376,0.0,1.980367026184775,197.89,4.567,947.04,852.16,14.0,-0.4465149520670211,0.8030258978326634,22.13907436,1.0
377,189.0,0.0,174.9,9.5,944.7,755.8,7.0,0.3015473423336125,0.5706097466388297,35.10122316,
378,0.0,0.0,186.0,0.0,1050.0,770.0,28.0,-0.2457430640859443,0.4581868867378927,34.29453624,
379,0.0,0.0,194.0,,968.0,885.0,14.0,-0.773789199103573,,12.83804312,1.0
380,,0.0,186.0,11.1,884.9,707.9,91.0,0.6256673477650062,0.2434822965762993,73.29819356,3.0
381,0.0,1.987576894726987,168.08,9.41,,865.0,28.0,-0.5601810401969696,0.9270009679242953,34.73580088,2.0
382,0.0,0.0,192.0,0.0,,806.0,90.0,0.4296182191325859,0.881927758304644,39.48629052,2.0
383,0.0,0.0,186.0,0.0,1040.0,734.0,28.0,0.02609105021083379,0.06520459126049205,36.93522932,3.0
384,,0.0,173.0,,1125.0,613.0,90.0,-0.949398888831943,0.2037664591276891,69.65776028,3.0
385,212.0,0.0,203.5,0.0,971.8,,90.0,1.103301882016521,,39.6621069,0.0
386,0.0,0.0,,0.0,1047.0,806.0,360.0,0.2715788371953735,0.1622334057824794,42.1269836,2.0
387,11.0,2.152288344383057,,1.72,942.0,801.0,,-0.977555244798551,0.2522410201733616,15.0699754305414,1.0
388,,2.097361444565494,158.49,11.33,1078.7,794.91,56.0,,0.1520248531286481,37.2661778,1.0
389,47.5,0.0,228.0,0.0,932.0,594.0,7.0,-0.7198442083947086,,35.076402024,
390,132.6,2.018284308426531,200.3,7.4,916.0,753.4,28.0,-1.070084766326153,0.04564874550238374,36.443632932,0.0
391,189.0,0.0,164.9,,944.7,755.8,,0.4738329209117875,0.6682127985550163,77.29715436,2.0
392,119.7,,168.3,7.2,970.4,794.2,28.0,0.6427227598675439,0.1080257541306914,40.934879596,2.0
393,0.0,0.0,141.8,28.2,852.1,893.7,,-0.8158102849654383,0.7648832615421283,59.19840936,3.0
394,209.4,0.0,192.0,0.0,,806.9,90.0,-1.012831120334424,0.4866689414247029,39.358047984,
395,22.0,2.123851640967086,178.0,8.48,822.0,750.0,56.0,-0.05023810944913695,0.645810812655206,65.697213145812,3.0
396,237.5,0.0,228.0,0.0,932.0,594.0,7.0,0.3436182895684614,,26.258003984,1.0
397,0.0,2.154119525515847,,11.0,801.4,778.4,28.0,-0.6891878180895679,0.9132869475762367,40.8686899,2.0
398,0.0,2.056904851336473,178.0,,1002.0,689.0,28.0,-0.03312697287379709,0.0180065556004545,36.80422888,2.0
399,,2.152288344383057,206.0,1.72,942.0,801.0,28.0,0.755391225825756,0.846514338690278,21.96670536,1.0
400,173.0,,192.0,0.0,909.8,891.9,7.0,0.1142276486620396,0.8499753714806619,10.089791784,0.0
401,24.0,1.903089986991944,162.0,11.64,967.0,,7.0,-0.1279175914807665,0.6246635688542638,39.300132,3.0
402,0.0,2.076531219253812,188.45,6.35,1028.4,757.73,100.0,-1.237815498826849,0.06014234260078521,44.20920112,1.0
403,0.0,0.0,200.0,0.0,1125.0,613.0,,-1.406661096848222,0.656780104724294,36.93522932,3.0
404,111.0,1.939519252618618,,6.0,833.0,790.0,28.0,-0.3877015599359842,0.04202467517140529,41.540929,1.0
405,42.08,2.217036258627627,121.75,5.72,1058.7,780.11,14.0,1.088950596967366,0.2748060355481361,17.8229546,0.0
406,95.0,0.0,228.0,,932.0,594.0,270.0,-1.150993577422303,0.733113022415281,41.15137506,3.0
407,,,,0.0,970.0,850.0,180.0,0.1965547765115746,0.1737615931357438,37.32823064,2.0
408,50.05,2.241870088685619,164.77,6.47,1006.2,793.5,28.0,-1.380101458214891,,38.20386516,0.0
409,178.1,2.145196406114182,,18.3,944.0,694.6,28.0,0.2083828079475525,0.636401370183407,36.349864196,0.0
410,53.8,2.089516544224821,155.63,9.61,1014.3,780.58,3.0,0.6901439917111125,0.3118161330852596,18.01600788,1.0
411,98.05,1.40671045860979,181.71,6.86,1065.8,785.38,3.0,0.6795977489346758,0.09553531383466818,17.9953236,1.0
412,,0.0,228.0,0.0,932.0,594.0,90.0,-1.959670123879776,0.8707499012725114,37.721921436,2.0
413,192.0,0.0,192.0,0.0,932.0,717.8,3.0,1.091506851922462,0.7767105569551812,16.10960674,2.0
414,243.5,0.0,180.3,10.7,1022.0,697.7,,0.6351718016819695,0.668572646722914,37.363393916,0.0
415,0.0,0.0,214.6,0.0,1003.5,762.36,3.0,2.153182457511556,0.7807615860684398,16.27852836,3.0
416,0.0,2.006551609086648,170.17,7.48,998.0,901.8,100.0,,0.1851955678674679,44.27814872,0.0
417,0.0,2.03342375548695,186.4,6.1,879.0,815.2,28.0,-0.535235211560568,0.361919990837865,42.6440906,2.0
418,145.0,,178.0,8.0,867.0,824.0,28.0,1.846707325736034,0.241893828258839,26.22766704,0.0
419,0.0,0.0,192.0,0.0,1056.0,809.0,90.0,1.029155637325644,0.2048812741507126,40.65839972,2.0
420,0.0,0.0,173.0,0.0,,613.0,270.0,0.4933179008808892,0.2871379580845755,74.16693332,3.0
421,0.0,2.006551609086648,165.62,7.48,1006.4,905.9,3.0,0.173180925851182,,12.45193656,0.0
422,111.0,1.939519252618618,195.0,5.0,895.0,733.0,28.0,1.108703580582908,0.5983574842977588,33.7153764,1.0
423,0.0,2.130333768495006,181.0,11.0,979.0,812.0,28.0,-0.8169356709872361,0.1853301795287144,13.19657064,0.0
424,26.0,,210.0,3.93,882.0,699.0,56.0,0.5629692366905709,0.432076882944196,59.5904257152707,3.0
425,,1.977266212427293,187.6,9.2,,695.9,28.0,0.1975996046923996,,43.798273424,2.0
426,0.0,2.03342375548695,210.0,11.0,880.0,744.0,28.0,-0.6127886904843862,0.4225484283119446,31.87447548,2.0
427,135.7,0.0,185.7,0.0,1076.2,759.3,28.0,,0.5930443341867842,22.629981272,1.0
428,0.0,2.105510184769974,209.7,5.7,860.5,736.6,28.0,1.317394065634326,0.5936607912085384,40.06200298,2.0
429,153.0,0.0,192.0,,,942.0,28.0,0.7216720640432351,0.0218233967754895,17.275510656,0.0
430,189.2,,170.1,10.1,,756.7,91.0,1.158595579007404,0.519081785136218,64.90037588,3.0
431,0.0,0.0,192.0,0.0,1056.0,809.0,7.0,0.4082527557144718,0.756751505688635,9.01145132,2.0
432,189.0,0.0,164.9,11.6,944.7,755.8,56.0,-0.6800247215784908,0.2375441308743275,77.29715436,2.0
433,203.5,0.0,203.5,0.0,965.4,631.0,90.0,,0.08172534574677826,54.598914964,2.0
434,0.0,0.0,192.0,0.0,1025.0,821.0,120.0,0.1958452550976816,,39.38286912,2.0
435,0.0,0.0,192.0,0.0,978.0,825.0,28.0,0.8339221545489041,0.9841103190364978,31.44700036,2.0
436,189.0,0.0,164.9,11.6,944.7,755.8,7.0,-0.02651387544921688,,55.89581932,2.0
437,42.08,2.217036258627627,121.75,5.72,1058.7,780.11,28.0,0.06428001909546277,0.8226143185136784,24.24197616,0.0
438,183.9,0.0,203.5,0.0,958.2,800.1,7.0,-0.3636122122138559,0.4622955610006072,10.354550568,0.0
439,106.3,,,16.5,852.1,887.1,7.0,-0.8022772692216189,0.09390071578941839,49.20100736,3.0
440,129.8,2.077731179652392,179.94,3.57,,746.8,14.0,1.755340842443204,,34.23937816,0.0
441,0.02,2.160078181020871,163.81,0.0,1005.6,900.9,14.0,0.06751848141010895,0.4878540439263624,16.87837248,0.0
442,0.0,0.0,192.0,0.0,1085.0,765.0,7.0,-1.335344358710101,0.8824163684073387,14.2032056,2.0
443,0.0,0.0,185.7,0.0,1104.6,,7.0,-0.4593608995402441,0.7941973312770843,14.54104884,3.0
444,0.0,0.0,192.0,0.0,970.0,,28.0,,0.8282492524372184,27.923778,2.0
445,116.0,0.0,,0.0,946.8,856.8,3.0,-0.3426875940803488,,6.940954892,0.0
446,106.3,0.0,151.4,,936.0,803.7,28.0,0.7519330326867741,0.6765133857772465,61.79773388,
447,,0.0,228.0,,932.0,670.0,,0.6116762888408679,0.07349674733001266,49.185149412,2.0
448,94.7,0.0,147.4,11.4,946.8,852.1,56.0,0.3464482094969757,0.4486936226225307,73.69808964,3.0
449,119.0,0.0,160.0,9.03,1061.0,,28.0,0.04698059376474206,0.733614380561402,58.99846132,2.0
450,0.0,2.157758886046864,193.3,9.1,877.2,867.7,28.0,-0.003602539090568404,0.6079052140907037,9.738159024,0.0
451,0.0,2.088561311791215,180.31,5.69,1057.6,779.32,56.0,0.5137859509122088,0.4835456467199247,34.20490436,1.0
452,203.5,0.0,203.5,,965.4,631.0,7.0,0.1980847607678549,0.956614621083458,25.893960656,2.0
453,196.0,1.99563519459755,199.0,6.0,847.0,,28.0,1.195046628924842,,26.96540636,
454,0.0,0.0,203.0,0.0,974.0,817.0,14.0,-1.276748575820309,0.01260751997575904,18.12632404,
455,114.0,0.0,228.0,0.0,932.0,670.0,28.0,-0.4694743859349521,0.3459349925469629,45.854290856,
456,133.7,0.0,194.9,5.5,924.1,760.1,28.0,0.7604146561442974,0.3945760755976464,46.247292176,2.0
457,237.5,0.0,228.0,,932.0,594.0,28.0,0.2088635950047554,0.247231074403177,30.079769452,1.0
458,93.37,2.20655604409903,172.34,9.73,1007.2,746.6,56.0,-0.9857260463355437,,48.9872698,0.0
459,122.6,0.0,203.5,,959.2,800.0,3.0,1.126565029547757,0.7295082286523967,4.903553312,0.0
460,0.0,,187.42,5.53,956.86,861.17,100.0,1.032465260551147,0.9912559937021883,42.34761592,
461,0.0,1.987576894726987,168.08,9.41,961.18,865.0,100.0,0.6103702654334648,0.8420332943764213,48.97348028,2.0
462,0.0,,185.0,0.0,1069.0,754.0,28.0,-0.2475186355515047,0.1521042832222729,31.84000168,2.0
463,342.1,0.0,185.7,0.0,955.8,674.3,28.0,1.676437312275283,0.1488880503324447,39.699338604,1.0
464,0.0,0.0,193.0,0.0,968.0,812.0,3.0,1.345420046154978,0.4099048896962882,12.54156844,2.0
465,0.0,0.0,186.0,0.0,1040.0,734.0,7.0,-1.840874231331645,0.9849896561408751,30.9574724,2.0
466,0.0,0.0,200.0,0.0,1125.0,613.0,,,0.8221031606002255,44.0919902,3.0
467,0.0,2.005995123054691,159.35,10.37,1003.8,,56.0,-3.241267340069073,0.1918673247187429,44.39535964,1.0
468,,0.0,193.0,0.0,968.0,885.0,365.0,,0.3281927536093115,25.08313688,1.0
469,,2.097777734539283,158.33,,1080.8,796.15,56.0,,0.2346420818554535,39.14844728,0.0
470,0.0,,166.61,9.88,1079.0,798.9,3.0,0.3323140119795917,0.01212077464389327,12.5484632,0.0
471,,0.0,155.7,14.3,852.1,,56.0,0.2504928503458765,0.3885581012703457,66.10006412,2.0
472,0.0,0.0,189.0,,1125.0,,90.0,1.065480375065351,0.3479414115821666,58.78472376,3.0
473,0.0,0.0,187.0,0.0,1025.0,745.0,7.0,-0.3357846992901282,0.8727302504846018,30.14389072,3.0
474,163.0,2.110589710299249,197.0,,,641.0,,-1.523186904783775,0.4433800143791877,27.234302,0.0
475,,0.0,,0.0,940.6,785.6,7.0,0.08658978747289992,0.7264617151130048,27.742445812,3.0
476,0.0,0.0,203.0,0.0,974.0,800.0,28.0,2.29889812361925,0.6511475848816741,25.17966352,2.0
477,20.0,1.977723605288848,157.0,14.32,938.0,845.0,3.0,,,22.752708,3.0
478,166.8,0.0,203.5,0.0,977.6,694.1,28.0,0.2110174672026184,0.5435382173426461,36.964187312,1.0
479,97.1,0.0,,12.1,852.1,925.7,56.0,-1.320456613084276,0.3664615348713979,55.19944856,3.0
480,106.3,0.0,153.5,16.5,852.1,887.1,56.0,-1.236950710878082,0.3245858299002703,64.30053176,3.0
481,0.0,0.0,173.0,0.0,1125.0,,7.0,-1.351684605616334,0.3804200075075623,52.61391356,3.0
482,145.3,2.057666103909829,178.9,8.0,869.1,690.2,28.0,0.1281044149107893,0.1138383934766014,46.234192132,2.0
483,0.0,0.0,192.0,0.0,1047.0,806.0,3.0,0.7077519354554754,0.2769044873778089,14.98920824,2.0
484,162.4,0.0,203.5,0.0,,849.0,90.0,-0.1443604119239425,0.06895801635642118,29.231713972,0.0
485,0.0,2.244870622065242,154.79,10.16,1053.5,776.35,100.0,-0.718444221252436,,50.07664188,1.0
486,50.05,,164.77,6.47,1006.2,793.5,100.0,0.213979910734222,,56.06129356,0.0
487,0.0,1.998912904358786,146.25,14.17,987.76,,14.0,-1.214188612787732,0.4969634829058303,42.29245784,1.0
488,0.0,1.989761187718778,189.29,4.46,967.08,,28.0,,0.4858717591863256,24.8900836,1.0
489,106.3,0.0,153.5,16.5,852.1,887.1,28.0,-1.401851062792281,0.6512329770414921,60.2946762,3.0
490,145.0,0.0,178.0,8.0,1000.0,822.0,28.0,,0.3012652607600004,19.00885332,0.0
491,0.0,0.0,194.0,0.0,968.0,885.0,90.0,-1.778720248904279,0.4401989979554906,21.94602108,1.0
492,93.8,0.0,126.6,23.4,852.1,992.6,56.0,0.1846338585323042,0.1202090553706084,60.19814956,3.0
493,166.6,,173.5,10.9,882.6,785.3,28.0,,0.121025000485193,44.611855104,0.0
494,0.0,2.006551609086648,,7.48,1006.4,905.9,56.0,0.1537251059455279,0.1218860933369476,33.96358776,0.0
495,0.0,0.0,193.0,0.0,968.0,885.0,180.0,1.496044311489183,0.1474525267062839,24.10408096,1.0
496,0.0,2.076531219253812,,6.35,1028.4,757.73,3.0,-0.3853135968617602,0.6618391898493786,13.12072828,1.0
497,,2.089799173036164,,8.19,1059.4,780.65,100.0,0.8496020970210246,0.3475715242389821,48.67011084,0.0
498,180.0,1.982271233039568,159.0,9.45,860.0,800.0,,-1.594427658794367,0.3677593508772896,67.86512268,1.0
499,117.2,0.0,137.8,32.2,852.1,840.5,28.0,1.402794310936099,0.3938644056541585,66.89985628,3.0
500,189.0,0.0,174.9,9.5,944.7,755.8,91.0,0.4824724152431853,0.9344360268055143,67.79617508,2.0
501,,2.101747073946366,162.14,7.77,,804.01,56.0,1.083051243175277,,35.34253976,
502,75.4,2.225309281725863,164.03,7.91,,,28.0,-1.703382439355155,0.6881347060865421,41.40992856,0.0
503,0.0,1.978226181674526,186.66,7.0,949.91,847.01,,-0.4749453111609562,0.9877855202148873,30.2335226,1.0
504,0.0,1.985381560231997,191.84,5.33,948.9,,3.0,,0.2412014575995415,8.48744956,1.0
505,0.0,0.0,185.0,0.0,1047.0,739.0,28.0,-0.4787486216634773,0.8216368977104717,37.42475728,3.0
506,0.0,0.0,200.0,,1125.0,613.0,90.0,-0.03955515385665504,0.7193536223691586,47.22221124,3.0
507,160.5,0.0,177.6,9.6,916.6,759.5,28.0,0.447708560017315,0.03672136250082114,52.446370892,2.0
508,0.0,0.0,173.0,0.0,1125.0,,3.0,0.02975613949574519,0.7314964903403623,41.63745564,3.0
509,207.0,2.238046103128795,216.0,10.0,822.0,638.0,28.0,-0.7001208149391732,0.6019234310151316,39.84481804,0.0
510,189.0,0.0,164.9,,,755.8,28.0,-0.5034756541161992,0.4069079607228706,71.29871316,2.0
511,0.0,0.0,186.0,0.0,,758.0,7.0,0.07331796718840389,0.9406792451153405,26.0621928,
512,190.0,,163.0,7.6,1031.0,685.0,28.0,0.005243699718183166,0.8275378955668743,53.57917996,2.0
513,91.7,1.860338006570994,246.9,6.0,852.9,695.4,28.0,-1.021232817130713,0.9505310525862035,28.629801424,1.0
514,0.0,0.0,185.0,0.0,1111.0,784.0,28.0,-0.5160447282173739,0.858177053157164,19.69143456,1.0
515,0.0,0.0,192.0,0.0,1056.0,809.0,120.0,0.472597482413043,0.8778300781520408,40.85834776,2.0
516,0.0,2.138618433899492,,16.1,1001.8,830.1,28.0,,,17.959470848,0.0
517,0.0,2.215558257141162,176.46,4.49,,780.09,3.0,0.08187413938632256,0.4110284698067047,10.76272036,0.0
518,0.0,0.0,182.0,0.0,1100.0,820.0,7.0,1.669021525289393,0.8419335667918086,12.73462172,1.0
519,144.7,0.0,178.1,8.0,,822.2,28.0,0.3520553965142968,0.1960977127383929,19.009542796,0.0
520,0.0,0.0,192.0,0.0,1085.0,765.0,90.0,0.6105857452838231,0.5052067735766382,29.39236188,2.0
521,0.0,2.143014800254095,199.0,11.0,801.0,792.0,28.0,-0.3592920907870595,0.4687679654645058,40.679084,2.0
522,117.6,1.967079734144497,182.9,,953.4,780.3,28.0,0.3427253463777041,0.005505799160420821,23.524231644,0.0
523,0.0,0.0,193.0,0.0,968.0,812.0,28.0,1.593186626639397,,27.53077668,2.0
524,100.0,1.897627091290441,201.0,,864.0,761.0,28.0,-1.379319228014527,0.7539619035967839,32.39847724,1.0
525,99.0,1.89209460269048,189.0,6.0,919.0,749.0,28.0,0.132969674146876,0.7738796557301564,33.79811352,1.0
526,0.0,0.0,185.0,6.86,920.0,720.0,28.0,0.3417559757771594,0.6921613416941319,56.83350668,3.0
527,206.5,2.209246848753374,178.9,5.5,866.9,735.6,28.0,1.735963803165249,0.6125734683448192,33.306517132,0.0
528,22.0,2.123851640967086,168.0,8.92,822.0,750.0,28.0,-0.8309501164110378,0.1974704898599373,72.09850532,3.0
529,0.0,2.099611590392529,159.0,7.84,1085.4,799.54,56.0,-1.430141377960633,0.5190597909082704,45.08483564,1.0
530,,2.03342375548695,,6.0,879.0,815.0,28.0,,0.260286857566003,42.63719584,2.0
531,,1.985381560231997,191.84,5.33,948.9,857.2,28.0,-0.03269474809409311,0.8408715794259226,27.22051248,1.0
532,20.0,1.977723605288848,157.0,11.61,938.0,845.0,56.0,,0.8117697880901376,61.45989064,3.0
533,177.0,,186.0,11.1,884.9,707.9,7.0,0.06023020994102644,0.4971747640084273,56.09576736,
534,,0.0,203.5,0.0,,750.0,3.0,1.159329803364248,0.6541746014740745,6.8085755,
535,98.05,1.40671045860979,181.71,6.86,1065.8,785.38,56.0,0.04557183990381378,0.5866084631754741,50.77301264,1.0
536,183.0,0.0,193.0,,,868.0,28.0,0.1910990680199033,0.5828068350834896,23.786922,0.0
537,0.0,0.0,194.0,0.0,968.0,885.0,28.0,-1.244654703311417,0.5172690564416094,18.41590396,1.0
538,157.0,0.0,192.0,0.0,972.6,749.1,7.0,-2.073390232408149,0.4875711936733843,20.416073836,1.0
539,0.0,2.097361444565494,158.49,11.33,1078.7,794.91,100.0,0.9592708260852069,,46.2293658,1.0
540,250.0,0.0,168.4,12.2,1049.3,688.2,28.0,2.142270358611864,0.422034260127639,39.455953576,0.0
541,0.0,2.03342375548695,221.0,11.0,819.0,,28.0,0.2237879516388985,0.3047510953861333,31.41942132,2.0
542,98.05,1.40671045860979,,6.86,1065.8,785.38,100.0,-0.6516003476058171,0.1680142077448634,53.90323368,1.0
543,,0.0,189.0,0.0,,613.0,7.0,0.2670502658692588,,42.42345828,3.0
544,250.2,0.0,203.5,0.0,975.6,692.6,7.0,-1.110575845465829,0.5324206822752171,15.748321316,0.0
545,0.0,2.004063300397667,146.14,12.35,1006.0,899.76,,-0.310266756593456,,44.14025352,1.0
546,,0.0,203.5,,971.8,748.5,28.0,-0.230934530208678,,29.89223198,0.0
547,13.61,2.238973949186045,156.76,4.14,1006.3,856.4,3.0,0.7116148780888898,0.760289823122135,21.29101888,0.0
548,86.0,2.281033367247728,213.0,6.0,923.0,623.0,28.0,,0.4876670686212644,22.93197176,0.0
549,116.0,0.0,,0.0,946.8,856.8,90.0,1.696456368290038,0.7078350972297687,32.102692036,0.0
550,97.82,1.405858399317637,160.7,11.19,1061.7,,100.0,0.3227185603380895,0.02581190694948698,66.9481196,2.0
551,0.0,2.005909446494559,,8.71,1007.8,903.59,100.0,0.4438194281462284,0.2741606665598059,42.919881,1.0
552,0.0,0.0,186.0,0.0,1104.0,774.0,7.0,0.517659020469123,0.4639313768123328,14.49968028,2.0
553,0.0,0.0,180.0,0.0,1125.0,845.0,7.0,-0.1257869200996481,,7.83934212,1.0
554,0.0,0.0,184.0,0.0,,783.0,28.0,-0.1580078985789894,0.02419176389135524,30.57136584,2.0
555,0.0,2.076531219253812,188.45,6.35,1028.4,757.73,56.0,1.586016816145352,,36.63875464,1.0
556,0.0,0.0,214.6,0.0,,,28.0,0.8723206367206782,0.05816379550547579,31.97100212,3.0
557,,0.0,162.0,8.2,801.0,802.0,28.0,-0.759132661553698,0.3032751475675955,41.36856,3.0
558,42.08,2.217036258627627,,5.72,1058.7,780.11,3.0,-0.4719318657894335,0.7805255152438618,7.74971024,0.0
559,0.0,0.0,190.2,6.7,1013.2,730.4,28.0,-1.001620009894916,0.6037954529493877,39.056057496,3.0
560,129.0,2.004321373782643,172.0,9.0,825.0,805.0,28.0,2.455300139910894,0.9383048184484827,52.82075636,2.0
561,,,162.0,11.64,967.0,712.0,28.0,-1.515191062198552,,44.42293868,3.0
562,0.0,2.244870622065242,154.79,,,776.35,56.0,-1.407463774376555,0.8620144822726226,46.6430514,1.0
563,26.0,2.093421685162235,201.0,3.93,822.0,699.0,7.0,-0.4871253837646961,0.6129395824945255,37.92118,
564,0.0,,187.0,0.0,1025.0,745.0,28.0,-1.295078772063616,0.4296568127389351,43.69898888,3.0
565,0.0,2.066698550422995,,,817.9,813.4,28.0,0.03800347816820029,0.5771998867345508,31.178794196,2.0
566,0.0,0.0,200.0,0.0,1125.0,613.0,180.0,0.6815006973726244,0.8902580530178021,51.04190828,3.0
567,183.4,0.0,193.3,9.1,877.2,867.7,,1.800940432910816,0.3970150412371917,23.786922,0.0
568,210.2,0.0,195.7,3.1,949.4,795.3,28.0,0.8724573282801447,0.07093221613377343,28.937997196,0.0
569,0.0,0.0,198.0,0.0,968.0,863.0,180.0,0.2238840242791314,0.421248053294072,27.62730332,1.0
570,0.0,2.292256071356476,,11.0,898.0,713.0,28.0,0.820482181197364,0.2972378077086172,8.53571288,0.0
571,0.0,2.24551266781415,158.0,18.0,943.0,844.0,28.0,0.2342147325365208,0.8557372589057863,15.41668336,
572,305.3,,203.5,0.0,,630.0,7.0,-0.2727235697476705,0.4829688720853552,19.539060364,1.0
573,,2.056904851336473,178.0,8.0,1002.0,689.0,28.0,,0.112580390411937,25.55887532,0.0
574,290.2,0.0,185.7,0.0,998.2,704.3,28.0,-0.4876062240724935,0.5550849493022862,32.626693796,0.0
575,0.0,2.266936911159173,166.6,11.6,,772.2,28.0,0.5725827813561586,0.3690530217609166,15.569747032,0.0
576,203.5,0.0,185.7,0.0,1076.2,759.3,,0.7708651938869668,0.722070938202737,18.19871902,0.0
577,0.0,0.0,189.0,0.0,,613.0,180.0,1.053152853332904,0.5273996221226763,61.92183956,3.0
578,151.2,0.0,153.9,,,605.0,3.0,-0.5017570435845365,0.1483432009620889,28.59946448,3.0
579,0.0,2.076130494543006,195.23,,1028.1,757.63,56.0,0.5049872789804571,0.2319470961159754,31.35047372,1.0
580,305.3,0.0,203.5,0.0,963.4,,28.0,0.924027019206901,0.1140957848879334,41.684340008,1.0
581,173.0,0.0,,3.0,986.0,817.0,,2.16325472330546,0.8313735143857098,23.73865868,0.0
582,,0.0,145.9,,944.7,,56.0,0.6565536086338297,,79.40005616,
583,19.0,2.152288344383057,154.0,10.91,942.0,801.0,28.0,-0.7632591565425169,0.1774287694697069,59.49488404,2.0
584,,0.0,228.0,0.0,932.0,594.0,270.0,,0.4922778564480348,38.407950056,1.0
585,0.0,0.0,192.0,0.0,936.2,712.2,,0.8356921120651418,0.2975484513188206,24.404692496,3.0
586,97.1,0.0,157.9,12.1,852.1,925.7,91.0,-0.8895144296255233,0.6079050927934446,57.59882504,3.0
587,183.9,0.0,203.5,0.0,958.2,,28.0,2.57335980324986,0.6102251494776413,24.290928956,0.0
588,214.0,2.217483944213906,202.0,10.0,820.0,680.0,28.0,-0.5589218472715883,0.607089578718754,30.6472082,0.0
589,0.0,1.959041392321094,199.0,11.0,931.0,,,1.066674689589154,0.7431931987316034,32.23989776,1.0
590,133.0,2.01703333929878,200.0,7.0,916.0,753.0,28.0,-0.4894394425182221,0.7036859774607958,36.4388066,0.0
591,161.6,2.103119253545714,171.6,10.4,922.6,,,-0.04771135614197985,0.7140326444668564,29.073134492,0.0
592,0.0,0.0,192.0,0.0,1056.0,809.0,28.0,,0.5193858595039373,33.60506024,2.0
593,106.3,0.0,,16.5,852.1,887.1,7.0,-1.463514948132119,0.6668642575461043,49.20100736,3.0
594,316.1,0.0,185.7,,977.0,689.3,7.0,-0.3260235321678411,0.005229613542912737,21.819846972,1.0
595,0.0,,195.23,6.13,1028.1,757.63,14.0,,0.6070940360887808,22.31833812,1.0
596,,0.0,192.0,,936.0,721.0,90.0,-0.6248185776956788,0.02716742122555982,54.27555072,3.0
597,203.5,0.0,185.7,0.0,1076.2,759.3,7.0,0.8294055811834892,0.9963343376272473,7.507014688,0.0
598,192.0,0.0,192.0,0.0,932.0,717.8,7.0,-0.3609661658190799,0.2565300624442478,23.523542168,2.0
599,129.8,2.077731179652392,179.94,,1007.3,746.8,100.0,1.964725132916389,0.0712567277652586,49.99390476,0.0
600,359.4,0.0,185.7,0.0,941.6,,7.0,0.2544208433012131,0.4014943158612883,25.422359072,1.0
601,,2.209515014542631,179.0,5.0,867.0,736.0,28.0,,0.4470555438064254,33.3016908,
602,0.0,2.03342375548695,164.0,13.0,953.0,784.0,28.0,1.577453279763474,0.9096268194365924,35.85964676,2.0
603,0.0,2.088561311791215,180.31,5.69,1057.6,,28.0,0.5150352672086598,0.9629268752375798,24.90387312,1.0
604,17.5,2.214843848047698,167.0,17.9,996.0,652.0,28.0,-1.320233207020642,,47.27736932,2.0
605,0.0,0.0,203.0,0.0,,817.0,180.0,-1.081056540408262,0.5597556836383826,26.74477404,2.0
606,116.0,2.079181246047625,184.0,5.7,833.0,880.0,,1.353872374165413,0.8866042152404667,29.15794004,0.0
607,0.0,,186.0,0.0,966.0,763.0,14.0,-0.0349884904969617,0.7932613504382544,27.923778,3.0
608,236.0,0.0,176.0,13.0,847.0,893.0,28.0,1.044160877069072,0.5406984766449103,32.9569528,0.0
609,,2.100990523069965,161.85,9.88,1088.1,802.59,56.0,,0.2120448399082266,38.56239268,
610,132.4,0.0,192.0,0.0,,825.5,360.0,-0.234153374723336,,44.296075096,1.0
611,0.0,0.0,192.0,0.0,978.0,825.0,180.0,-0.6269670577877674,0.857179256998753,38.99676256,2.0
612,0.0,0.0,,0.0,1100.0,820.0,28.0,-0.2595913513636048,0.1861014178462773,20.87043852,
613,,2.292256071356476,185.0,7.0,898.0,636.0,28.0,-2.198805956620082,0.3845113276448126,23.8903434,0.0
614,0.0,0.0,191.0,0.0,968.0,856.0,28.0,0.2799686263198203,0.08860042967961723,25.96566616,1.0
615,0.0,0.0,186.0,0.0,1090.0,769.0,7.0,1.665474444462577,0.2387962113815393,18.91232668,
616,,0.0,192.0,0.0,931.2,842.6,28.0,0.57707212718054,0.160071634954573,31.966865264,2.0
617,0.0,0.0,,0.0,1012.0,830.0,120.0,-0.1839833363526791,0.4592398775969581,38.70028788,2.0
618,0.0,,219.7,11.0,897.7,712.9,28.0,1.443764604073259,0.2806832155159743,8.536402356,0.0
619,200.0,0.0,192.0,0.0,927.4,839.2,,0.4893745612279181,0.5601681834618419,36.588422892,0.0
620,118.8,0.0,181.1,8.9,852.1,781.5,,0.00511345664246089,0.3079299415911909,55.59934464,3.0
621,0.0,0.0,192.0,0.0,940.0,758.0,28.0,-0.4344962274323156,,39.58281716,3.0
622,,0.0,192.0,0.0,1025.0,821.0,7.0,0.347581705361671,0.7862781993840331,17.43684804,2.0
623,210.7,0.0,185.7,0.0,,689.3,28.0,-0.2191005288088642,0.8766507618282006,38.70028788,2.0
624,0.02,2.160078181020871,163.81,0.0,1005.6,900.9,3.0,-1.067620429382594,0.4161539981797615,14.39625888,0.0
625,26.0,2.093421685162235,,3.93,882.0,699.0,,-1.398567573819141,0.3721670238375133,33.4888342847293,3.0
626,95.0,0.0,228.0,0.0,932.0,594.0,180.0,1.057122226218916,0.3251900642246949,40.759063216,3.0
627,132.4,0.0,192.0,,978.4,825.5,180.0,-0.01349722473793392,0.9713950940416396,41.719503284,1.0
628,0.0,0.0,185.0,0.0,1069.0,769.0,28.0,0.620672097550678,0.615298025069802,25.17966352,2.0
629,239.0,,200.0,6.0,1002.0,684.0,28.0,-0.213988844225509,0.6428819100587077,26.8550902,0.0
630,0.0,2.101747073946366,162.14,,1090.0,804.01,14.0,0.3577873603482833,0.1814383476956269,21.0634918,0.0
631,189.0,,164.9,11.6,944.7,755.8,28.0,-0.9194242342338032,,71.29871316,2.0
632,38.0,0.0,228.0,0.0,932.0,,180.0,0.375698018345672,0.1315676851272598,52.1243856,2.0
633,184.0,2.15836249209525,,9.0,,699.0,28.0,0.2790215257703392,0.8292867993167555,28.98557104,0.0
634,98.05,1.40671045860979,181.71,6.86,1065.8,785.38,14.0,,0.623859324676573,30.38520732,1.0
635,20.0,1.977723605288848,157.0,13.93,,845.0,,0.8816397569494505,0.9684887775943838,25.510612,3.0
636,0.0,0.0,186.0,0.0,1047.0,739.0,7.0,0.632407739055521,0.1407115280487584,24.00065956,3.0
637,0.0,0.0,214.6,,,762.36,,2.189802933217672,0.05778056099636664,43.0577762,3.0
638,0.0,2.22533513181854,169.59,7.56,,777.8,100.0,,0.2009336886590565,45.3675208,0.0
639,0.0,2.076531219253812,192.94,5.75,,754.3,3.0,1.179297184063826,,11.98309288,1.0
640,157.0,0.0,192.0,0.0,972.6,749.1,3.0,-1.407511694717821,0.906437453344411,13.5654403,1.0
641,17.2,2.201397124320451,167.0,20.8,967.0,633.0,28.0,0.4919191715065057,0.6152194382310109,55.64760796,3.0
642,0.0,0.0,185.7,,1047.8,739.3,28.0,0.4789798257463919,0.5799837874281313,37.437857324,
643,19.0,1.991226075692495,,12.25,967.0,871.0,28.0,-0.8756182533847572,0.1280957463662,55.45455468,2.0
644,189.0,0.0,174.9,9.5,944.7,755.8,28.0,0.8135172173696698,0.8078459419412586,49.89737812,2.0
645,0.0,0.0,192.0,0.0,971.0,850.6,3.0,-1.106334974006028,0.1670419079009499,9.86640156,2.0
646,24.0,1.903089986991944,162.0,11.61,967.0,712.0,,-2.301921164735585,0.09839564971339732,57.02655996,3.0
647,,0.0,192.0,0.0,935.4,,90.0,-0.05429486651781221,0.08060151375712465,43.377003588,0.0
648,94.7,0.0,147.4,11.4,946.8,,28.0,0.09965136508764122,0.9771741842213173,68.4994406,3.0
649,0.0,2.110252917353403,182.5,11.5,870.1,779.7,28.0,-0.3203473081943202,0.9024533072858417,37.265488324,2.0
650,,2.152288344383057,179.0,5.46,842.0,,3.0,-1.669405281121372,0.8419985528900615,13.3955337152707,2.0
651,,2.068185861746162,175.0,15.0,953.0,720.0,28.0,0.9843223984765838,0.2792760884544104,27.67556664,0.0
652,128.9,2.006037954997317,172.4,9.5,825.1,804.9,28.0,0.6982233136135899,0.08018001408190345,52.826961644,2.0
653,,0.0,228.0,0.0,932.0,670.0,180.0,0.812525822394198,0.03667142693354297,48.695621452,1.0
654,0.0,0.0,,0.0,970.0,850.0,90.0,1.446977884353733,0.3352080473708727,34.6806428,2.0
655,76.0,,228.0,0.0,932.0,670.0,28.0,,0.4386154191895905,47.813781648,2.0
656,200.9,0.0,144.7,11.2,1004.6,803.7,56.0,1.865774511144757,0.6034485933813779,72.99482412,2.0
657,38.0,,228.0,0.0,932.0,670.0,90.0,,0.3592333693997657,50.45930106,2.0
658,20.0,1.977723605288848,,13.93,938.0,845.0,7.0,0.0773683076476183,0.9799703293588506,45.89841732,3.0
659,0.0,0.0,140.0,4.0,966.0,853.0,28.0,-0.8082982853551515,0.6950352288585532,67.568648,3.0
660,0.0,1.989761187718778,189.29,4.46,967.08,870.32,56.0,-0.07282891265687277,0.2567765677205079,29.44751996,1.0
661,0.0,0.0,186.0,0.0,966.0,763.0,1.0,,0.53302886724614,6.26733684,3.0
662,0.0,2.100990523069965,161.85,9.88,1088.1,802.59,28.0,-0.7728252145375718,0.2280797719489325,28.46846404,0.0
663,0.0,2.15836249209525,193.0,9.0,877.0,868.0,28.0,-1.02651529941106,,9.73540112,0.0
664,0.0,0.0,192.0,0.0,1047.0,806.0,180.0,0.2076876871631111,,41.05140104,2.0
665,237.5,0.0,228.0,0.0,932.0,594.0,90.0,-0.6769220003059587,0.236050463346464,33.116911232,1.0
666,210.0,,196.0,3.0,949.0,795.0,28.0,-0.01642289607275207,0.8293946648588469,31.02642,0.0
667,0.0,2.087603973687808,159.48,9.9,1053.6,777.5,56.0,-0.3213858416529934,0.3046791390980408,56.8472962,
668,0.0,0.0,200.0,,1125.0,613.0,7.0,,0.1054736999566306,33.21205892,3.0
669,250.2,0.0,,0.0,975.6,692.6,90.0,-0.05694562372106746,0.4117655415845085,43.565230536,0.0
670,0.0,0.0,192.0,0.0,1012.0,830.0,90.0,0.1708654381279419,0.8064036172328395,35.76312012,2.0
671,42.22,2.097777734539283,158.33,10.83,1080.8,,14.0,,0.7954499607897292,23.5111316,0.0
672,192.0,,192.0,0.0,932.0,717.8,90.0,1.049009225836889,0.250966661340298,50.526869708,2.0
673,0.0,1.985381560231997,187.42,5.53,956.86,861.17,28.0,0.9178619470547761,0.7175977656581762,29.21999288,1.0
674,0.0,0.0,192.0,0.0,1025.0,821.0,3.0,0.01843393306539316,,14.306627,
675,,2.112672017117132,175.46,7.79,1006.3,746.6,100.0,0.03526355197172861,0.01210847523488745,53.65502232,0.0
676,0.0,2.243633244506138,,11.66,1043.6,771.9,,-0.7928728322623442,0.6802277792083533,51.25564584,1.0
677,,2.088561311791215,173.96,6.72,,778.45,14.0,1.441273289066116,0.233712081910433,26.77235308,1.0
678,0.0,0.0,189.0,0.0,1125.0,613.0,3.0,-1.485560373036972,,33.79811352,3.0
679,164.0,2.110589710299249,237.0,6.0,869.0,656.0,28.0,1.547505201330062,0.9768003285106593,35.22532884,0.0
680,0.0,2.088561311791215,173.96,6.72,1056.4,778.45,,0.1307405772860913,0.8003565078223616,15.43736764,1.0
681,0.0,,,7.77,1090.0,804.01,28.0,0.5607845263682344,,26.40003604,0.0
682,189.0,0.0,174.9,9.5,944.7,755.8,56.0,,0.8633336495718252,59.89478012,
683,272.8,0.0,185.7,0.0,,714.3,28.0,-0.4118769661224674,0.2040356346288988,27.935499092,0.0
684,0.0,0.0,192.0,0.0,,821.0,90.0,,0.2586208348880388,37.91428524,2.0
685,0.0,0.0,162.0,,1044.0,662.0,28.0,-0.5993750229537729,0.414129752528927,58.52272288,3.0
686,133.0,0.0,192.0,0.0,965.4,806.2,,,0.8506160578411378,17.165883972,1.0
687,24.0,1.903089986991944,162.0,11.64,967.0,712.0,3.0,0.5765569630557664,0.08217166747642735,25.02108404,3.0
688,0.0,0.0,203.0,0.0,974.0,800.0,14.0,,0.7488263369633065,20.77391188,2.0
689,0.0,0.0,192.0,0.0,978.0,,3.0,-0.5624667758942676,0.9835214727152221,13.52062436,
690,,0.0,147.4,11.4,,852.1,7.0,0.4040508568145384,0.4437502193045711,54.09628696,3.0
691,0.0,0.0,185.7,0.0,1091.4,769.3,7.0,-0.4080753730215514,0.03531135494023907,14.843728804,2.0
692,0.0,0.0,200.0,3.0,1124.4,613.2,28.0,-0.5769036556624031,,44.13335876,3.0
693,0.0,0.0,162.0,2.5,1055.0,676.0,28.0,-0.1382643011711847,0.03065250220580606,61.88736576,3.0
694,0.0,2.035429738184548,163.6,12.8,953.2,784.0,28.0,-0.4523063192490767,0.9928168389990704,35.865852044,2.0
695,259.7,0.0,,12.7,858.8,826.8,28.0,,0.2950407076541562,37.917043144,0.0
696,0.0,0.0,185.7,0.0,1040.6,734.3,28.0,2.075400798645439,0.7837917844853972,33.082437432,3.0
697,15.0,2.292256071356476,176.0,6.0,1021.0,709.0,28.0,,0.5123637775457907,15.340841,0.0
698,106.3,0.0,153.5,16.5,852.1,,3.0,-0.2196718878375119,0.4521990282834353,33.39821744,3.0
699,0.0,,180.31,5.69,1057.6,779.32,14.0,-0.9378250399151228,,20.91870184,1.0
700,190.0,0.0,228.0,0.0,932.0,,365.0,0.822544912103189,0.8543850933695791,53.692254024,
701,145.0,0.0,,8.0,867.2,824.0,28.0,0.650201177958661,0.254391580841847,40.925226932,2.0
702,0.0,,186.0,0.0,1104.0,,28.0,-1.570224719890456,0.8939897100078704,22.43554904,
703,22.0,2.123851640967086,178.0,8.48,882.0,750.0,3.0,0.04852162794482699,0.1215013763009181,32.0113857152707,3.0
704,0.0,2.100990523069965,166.61,9.88,1079.0,798.9,14.0,0.6860514599984393,0.32467592689006,19.41564416,
705,0.0,1.985381560231997,191.84,5.33,948.9,857.2,56.0,-0.5302576183724408,0.5122219208126745,39.64487,1.0
706,166.4,0.0,174.0,8.9,881.6,,28.0,2.075260872625265,0.6360960464095422,61.23581094,2.0
707,53.8,2.089516544224821,155.63,9.61,1014.3,780.58,28.0,0.2240924818104168,0.4395116886329101,52.20022796,1.0
708,189.0,0.0,164.9,11.6,944.7,755.8,,0.9686449905328892,0.8679182945200221,35.3011712,2.0
709,0.0,2.073864922902999,174.8,9.52,1022.8,753.45,3.0,-0.5637245528039747,,21.91154728,2.0
710,120.0,0.0,168.0,7.0,970.0,794.0,28.0,0.1467136864333228,0.5932215701073843,40.93419012,2.0
711,,0.0,185.7,0.0,1040.6,734.3,28.0,1.201213922163945,0.7609907600280938,21.066249704,0.0
712,0.0,2.244870622065242,154.79,10.16,1053.5,776.35,14.0,0.2320499373576363,,33.72916592,1.0
713,0.0,0.0,185.0,0.0,1069.0,,,-0.7271371758248686,0.6542925523249619,21.16001844,2.0
714,0.0,,195.23,6.13,1028.1,757.63,28.0,-0.114736441466899,0.54669741271407,24.53845084,1.0
715,190.0,0.0,228.0,0.0,932.0,670.0,90.0,-1.913280244657798,0.5786754085723934,42.32693164,0.0
716,0.0,2.004063300397667,146.14,12.35,1006.0,899.76,,0.02100384163275905,,33.35684888,1.0
717,0.0,0.0,197.0,0.0,968.0,781.0,14.0,0.7569886166453519,0.4982556822634536,27.04124872,2.0
718,0.0,0.0,,5.2,870.0,805.0,28.0,1.876170839215886,0.06229179813006269,51.021224,3.0
719,,2.088561311791215,173.96,6.72,1056.4,778.45,100.0,0.01023306101958705,,45.83636448,1.0
720,93.8,0.0,126.6,,852.1,992.6,91.0,0.82206015999449,0.3801956187858571,62.5009994,3.0
721,143.0,0.0,168.0,10.0,914.0,804.0,,-0.04946370965243295,0.694150573509831,45.2985732,2.0
722,47.5,0.0,228.0,0.0,932.0,594.0,180.0,1.465648768921554,0.2768277972350516,41.836714204,3.0
723,166.8,0.0,203.5,0.0,977.6,694.1,,-2.696886642941572,0.1334799724159438,47.714497104,1.0
724,0.0,0.0,189.0,0.0,1125.0,613.0,28.0,0.08228398927542419,0.1419719897609939,55.94408264,3.0
725,24.0,1.903089986991944,162.0,10.3,967.0,712.0,56.0,-0.7563507452843033,0.6150129680388666,54.76507868,3.0
726,111.0,1.942008053022313,195.5,5.9,832.6,,,-0.02435459226098284,0.01170661073090407,41.542307952,1.0
727,26.0,2.093421685162235,201.0,3.93,822.0,699.0,3.0,-0.6506425691218269,0.4394049896944522,29.5489714305414,3.0
728,144.0,2.05307844348342,220.0,10.0,923.0,658.0,28.0,-0.9186519464841982,,16.49916068,0.0
729,0.0,2.076130494543006,,6.13,1028.1,757.63,100.0,,0.3909059959055147,40.85834776,1.0
730,170.3,0.0,185.7,0.0,1026.6,724.3,,-2.038124535177854,0.7457337827312321,32.051670812,1.0
731,183.0,0.0,193.0,9.0,1047.0,,28.0,1.794557863517788,0.962810357074026,18.28490352,0.0
732,0.0,0.0,185.7,0.0,1047.8,739.3,7.0,0.8711247034316923,0.5542265141320166,24.065470304,3.0
733,139.9,0.0,213.5,6.2,895.5,722.5,28.0,-0.6819842479977986,0.05952470034777169,33.419591196,
734,203.5,0.0,203.5,0.0,965.4,631.0,3.0,,0.4187933190741614,14.143910664,2.0
735,169.4,,190.7,8.4,967.4,643.5,28.0,0.4567532191537839,0.007664032649225327,29.726068264,
736,0.0,1.980367026184775,197.89,4.567,947.04,852.16,3.0,-1.514847224685865,,10.38350856,1.0
737,0.0,0.0,192.0,,1085.0,765.0,28.0,0.3801978510059632,0.8036035354415352,21.6495464,2.0
738,116.8,1.963787827345555,190.6,7.0,946.5,665.6,28.0,-1.889540730945531,0.7022587660316643,43.57833058,1.0
739,305.3,0.0,203.5,0.0,963.4,630.0,3.0,-0.184902136442989,0.1512468287349346,9.561653168,1.0
740,24.0,1.903089986991944,162.0,11.61,967.0,712.0,3.0,,0.02094496103091281,35.36322404,3.0
741,,0.0,192.0,0.0,946.8,856.8,28.0,-1.129051771217229,,24.281965768,0.0
742,22.0,2.123851640967086,,8.48,822.0,750.0,7.0,0.2704568257798388,,39.0046422847293,3.0
743,76.0,0.0,228.0,0.0,932.0,670.0,180.0,0.331263431403564,0.4308875236618059,50.94882902,2.0
744,24.0,1.903089986991944,162.0,10.3,967.0,712.0,28.0,1.644967713501284,,53.38612668,3.0
745,147.2,0.0,185.7,0.0,1055.0,744.3,28.0,0.2897748568964129,0.3553845686857394,25.74503384,1.0
746,0.0,2.155336037465062,193.0,11.0,801.0,778.0,28.0,-0.8323555731042287,0.1109894692134811,40.86524252,2.0
747,0.0,0.0,200.0,0.0,1125.0,613.0,3.0,-0.7553829323533225,0.4978125080342902,26.0621928,3.0
748,0.0,1.985381560231997,,5.53,956.86,861.17,,2.122156197012633,0.6924361513243696,38.32797084,
749,209.4,0.0,192.0,0.0,1047.0,806.9,28.0,,0.5923503285933622,28.23748958,0.0
750,0.0,1.985156921277057,,8.87,955.14,859.2,100.0,0.8135096360006385,0.3031283559453286,52.04164848,2.0
751,128.5,2.124178055474675,175.06,8.08,1005.8,746.6,100.0,-1.197877892588848,0.07208433599867337,55.0201848,0.0
752,189.0,0.0,164.9,11.6,944.7,755.8,56.0,-0.9746816702273214,0.3797857801792298,77.29715436,2.0
753,0.0,2.076531219253812,188.45,,,757.73,28.0,0.19905969557347,,29.65436276,1.0
754,0.0,1.957128197676813,198.7,,931.3,762.2,28.0,,,32.245413568,1.0
755,0.0,1.980367026184775,197.89,4.567,,852.16,28.0,0.8563987943234723,0.5391612766752545,22.83544512,1.0
756,0.0,0.0,170.0,5.2,855.0,855.0,28.0,0.1503937864762076,0.1010458110106467,60.28088668,3.0
757,0.0,0.0,192.0,0.0,940.0,758.0,90.0,-0.3091721234686394,0.3143501131837484,48.79421652,3.0
758,93.37,2.20655604409903,,9.73,,,3.0,1.277676821898509,0.2152018720172375,15.81657944,0.0
759,20.0,1.977723605288848,,14.32,938.0,845.0,7.0,1.479944138890026,0.2928220367009647,36.83870268,3.0
760,0.0,2.073864922902999,174.8,9.52,1022.8,753.45,,-0.5069431753711298,0.9756102008599149,56.7438748,2.0
761,0.0,0.0,,0.0,978.0,825.0,360.0,1.812448557996929,0.9061432547657664,41.24445432,2.0
762,0.0,1.992950960570447,160.6,11.83,973.9,875.61,100.0,0.5470973811700379,0.1277134836352348,55.6407132,2.0
763,212.0,0.0,203.5,0.0,971.8,,7.0,-0.5468589412403921,0.2821870746932001,10.3938507,0.0
764,282.8,0.0,,10.3,942.7,659.9,28.0,-1.550663431066133,0.8707534503372591,74.69782984,
765,200.0,0.0,192.0,0.0,927.4,839.2,28.0,-0.543424771133765,0.2469787990719998,27.874825204,0.0
766,187.0,0.0,176.0,11.0,990.0,789.0,28.0,-0.7982972445384537,0.9107701616439152,32.76389952,0.0
767,200.9,0.0,144.7,11.2,1004.6,803.7,3.0,0.3287511096596845,0.9651186964360455,24.40055564,2.0
768,0.0,2.10064620014548,143.3,11.99,1086.8,800.89,,-0.01224677284691462,0.1163663978854761,42.21661548,
769,0.0,2.100990523069965,166.61,9.88,1079.0,798.9,100.0,0.6141667000434252,0.3497032297458496,33.56369168,0.0
770,118.8,0.0,181.1,8.9,852.1,781.5,28.0,-0.9093874547947389,0.6588854702326572,68.29949256,3.0
771,0.0,2.056904851336473,170.0,10.0,925.0,783.0,28.0,0.2029230208512997,0.5466482201877885,38.45897128,2.0
